Name,Email,Phone,Country,Website
2 GARENI INDUSTRIE,accueil@2gareni-industrie.com,+33 553658040,France,https://www.2gareni-industrie.com/
2M Electric Group,q.foaud@2melectricgroup.com,+20 1112244981,Egypt,
A Klp Tasarim Makina Tic. Ltd. Sti.,info@a-klp.com,,Turkiye,
A.N. Wallis & Co. Ltd.,andrew.trew@an-wallis.com,0044 1159271721,United Kingdom,https://www.an-wallis.co.uk/
AB TRASMISSIONI Srl,v.gobbato@abtrasmissioni.it,,Italy,https://www.abtrasmissioni.it/
AB Volvo Penta,maja.hertinge@volvo.com,0046 313225192,,https://www.volvogroup.com/en-en/home.html
Abu Dhabi Quality and Conformity Council,khamis.alhameli@qcc.gov.ae,00971 24066776,United Arab Emirates,
ACER VOLTAGE,info@acervoltage.com,420491618571,Czech Republic,
ACER VOLTAGE s.r.o.,info@acervoltage.com,+420 491 618 571,Czech Republic,https://www.acervoltage.com/
ACER VOLTAGE s.r.o.,info@acervoltage.com,+420 491618571,Czech Republic,
ADCO Overseas,info@adcooverseas.com,+91 90388 10999,India,https://www.adcooverseas.com/
ADEL SYSTEM Srl,jessica@adelsystem.com,+39 522345518,Italy,
Aditya Energy,marketing@adityaenergy.co.in,,India,
ADS Metal Elektrik Ith. Ihr. San. Tic. A.S,y.kum@adsmetal.com,,Turkiye,
"Adtek Electronics Co., Ltd.",evelyn.liu@adtek.com.tw,00886 229953100,"Taiwan, China",http://www.adtek.com.tw/web/index/index.jsp
Advanced Microturbines Srl,e.guglielmino@microturbines.it,+39 3472919796,Italy,https://microturbines.it/en/
AEInnova,raul.aragones@aeinnova.com,+34930244021,Spain,
AGEVOLT,gogate@agevolt.com,+447725652599,Slovakia,
AI EARTHING,ujjwal.aiearthing@gmail.com,+91-9029533151,India,https://www.aiearthing.net/
AIDA CCI - Chamber of commerce and industry in the Aveiro District - Portugal,aida@aida.pt,+351 234302490,Portugal,https://www.aida.pt/
Aikah for General Trading LLC,biju@aikah.com,+971 43146327,United Arab Emirates,
Airshade Technologies,nikola.znaor@airshade.eu,+31683007880,Netherlands,
Aksa Power Generation,marketing@aksa.com.tr,0090 2166810000,Turkiye,https://www.aksa.com.tr/
Aksay Pv Gunes Teknolojileri Uretim Ltd.Sti.,caksay@aksayenerji.com,,Turkiye,
Al Hilal Publishing and Marketing Group W.L.L.,hawra.neamah@tradearabia.net,+973 17293131,Bahrain,https://www.alhilalgroup.com/
Al Ma Cabrol LLC,operation@uniwires.com,00968 26942660,Oman,http://cabrolgroup.com/
Al Yamuna Densons FZE,grace@alyamunadensons.ae,00971 72233013,United Arab Emirates,https://www.alyamunadensons.ae/
Alcad Batteries ME,George.CHARALAMPOUS@alcad.com,+357 25 871816,Cyprus,http://www.alcad.com/
ALFA ELECTRIC,amministrazione@alfaelectric.com,+39 036 290 3539,Italy,https://www.alfaelectric.com/
alfanar,,,Saudi Arabia,https://www.alfanar.com/
ALFRA GmbH,kur@alfra.de,0049 62053051113,Germany,https://www.alfra.de/
Allam Marine Ltd,lisa@allam.com,0044 1482636300,United Kingdom,https://www.allam.com/
Allied Power Solutions,anurag@alliedpowersolutions.com,+91 11 2224 7322,India,https://www.alliedpowersolutions.com/
Alpha Industrie-Bedarfs GMBH,claus.kappes@alpha-passoni.de,+496241500480,Germany,https://www.alpha-passoni.de/
Alt?nsoy Enerji San. Ve Tic. Ltd. ?ti.,export@altinsoyenerji.com.tr,+90 0312 395 83 30,Turkiye,
ALTANOVA GROUP,vtedesco@doble.com,0039 0331956081,Italy,https://www.altanova-group.com/en
Altinsoy Enerji San. Ve Tic. Ltd. Lti.,export@altinsoyenerji.com.tr,,Turkiye,
Alves Kablo San. Ve Dis Tic.A.S.,omur.cevik@alveskablo.com,0090 552 216 83 84,Turkiye,https://www.alveskablo.com/
AlWaidh Electronics Trading,maan@alwaidh.com,,United Arab Emirates,
AlWaidh Electronics Trading,maan@alwaidh.com,043934994,United Arab Emirates,https://www.nkt.com/
Aman Engineering LLC,ahmed.nawaz@aman-eng.com,00971 6554 5503,United Arab Emirates,https://www.aman-eng.com/
Ambica Dhatu Pvt Ltd,arun@ambicaindia.in,+91 3340110303,India,
amo kraftkabel AB,peter.eriksson@amokabel.com,0046 481750875,Sweden,
Anadolu Arc Enerji Imalat Ith. Ihr. San. Tic. Ltd. Sti.,enis@arckablo.com,,Turkiye,
Anand International,sales@anandebeam.com,+918469500548,India,https://www.anandebeam.com/
"Anhui EvoTec Power Generation Co., Ltd.",daoke@evotecpower.com,0086 55187655888,China,https://www.evotecpower.com/
"Anhui Jinmao Energy Technology Co.,Ltd",yy@jinmaoenergy.com,+86 5537255785,China,https://www.jinmao%20energy.com/
Anhui Leoch Power Supply Corp,richard@leoch.com,+86-17756103585,China,http://www.leoch.com/
"Anhui Shilin Lighting Co., Ltd.",annawong_r1@163.com,+86 13703061372,China,https://www.shilingroup.com/
"Anhui Surephon Capacitor Co.,Ltd",sales@surephon.com,+86 13666811230,China,https://www.surephon.com/
Apator SA,apator@apator.com,+48 56 619 14 94,Poland,https://www.apator.com/en
APEX PRODUCTS,chrisliu@apexelectricfittings.com,,China,
APREL- Romanian Employers Association in Electrotechnique Industries,aprel@aprel.ro,+40212318990,Romania,https://www.aprel.ro/
Arabcal Technical Solutions LLC,ehsan@arabcal.com,00971 42956664,United Arab Emirates,http://www.arabcal.com/
Arabian Transformers Co.,moutasem.ahmad@sa-atc.com,00966 138120997,Saudi Arabia,https://www.arabiantransformers.com/
ARC INFORMATIQUE,pcvue-uae@arcinfo.com,+97143296773,France,https://www.pcvuesolutions.com/
Arde Aydinlatma San. Ve Tic. Ltd. Sti,info@detayaydinlatma.com.tr,00902166021141,Turkiye,https://www.detayaydinlatma.com.tr/
ARDIC ELEKTRIK SAN. VE TIC. LTD.,export@ardic.com,0090 2124441364,Turkiye,https://www.ardic.com/
Ariel Technology Inc,aaucoin@arieltech.ca,001 9058955900,Canada,https://arieltech.ca/
Arken Jenerator A.S.,eaydin@arkenjenerator.com,0090 212 4240275,Turkiye,http://www.arkenjenerator.com.tr/
ARMTEK Elektrik Sanayi Ve Ticaret A.S.,aysel.abali@armtek.com.tr,0090 3128020444,Turkiye,https://www.armtek.com.tr/en
Arslanlar Elektrik InS. San. Ve DiS Tic. Ltd. Sti.,info@arslanlarelektrik.com,,Turkiye,
Artiled Aydinlatma Ve Elektronik Tic. Ltd. Sti.,info@artiaydinlatma.com,,Turkiye,
Arworks LLC,szbudahazy@arworks.com,+36309900336,Hungary,
Ascot Industrial S.r.l.,m.ruvio@ascotinternational.com,0039 933913003,Italy,https://www.ascotinternational.com/
Ashida Electronics Pvt Ltd,mrunal@ashida.co.in,0091 2261299100,India,http://ashidaelectronics.com/
Atlanta Electricals Pvt Ltd,mukesh.agarwal@atlantaelectricals.com,+91 81 5605 5575,India,https://www.atlantaelectricals.com/
Atlas Metal Industries,shipment@atlasmetalind.com,091 2882730944-45,India,https://atlasmetalind.com/
ATOM KABLO SANAYI VE TICARET A.S.,azeytinoglu@atom.com.tr,,Turkiye,
"ATS Trafo Elektrik, Akaryakit, Nakliyat Ins San.Tic. Ltd. Sti.",finans@atstrafo.com,+90 2126524168,Turkiye,
Aucom MCS GmbH & Co. KG,jennifer.funke@aucom.com,+49 2526 9388 00,Germany,https://www.aucom.com/
AUGIER ENERGY,alexis.houdusse@augier.com,+33 672446481,France,
August Friedberg GmbH,beatrix.brand@august-friedberg.com,,Germany,
Ausonia Srl,alessandro.pompei@ausonia.net,0039 0923722315,Italy,https://www.ausonia.net/
"AUSPICIOUS Electrical Engineering Co.,Ltd.",ap@auspicious.com.tw,00886 289920978,"Taiwan, China",https://www.auspicious.com.tw/
Austrian Embassy/Commercial Section,christian.kiene@wko.at,0043 5909003625,United Arab Emirates,https://www.advantageaustria.org/ae
Austrian Embassy - Commercial Section,christian.kiene@wko.at,+971 22043444,United Arab Emirates,
Autoshell Electromech Pvt Ltd,sales@autoshell.co.in,+91 2536699901,India,https://www.autoshell.co.in/
AVEVA Select Gulf,bayan.noubani@gulf.avevaselect.com,,United Arab Emirates,https://www.nkt.com/
Axis Electrical Components (I) P. Ltd.,marketing@axis-india.com,0091 2267756000,India,https://axis-india.com/
b2 electronics GmbH,britta.laengle@b2hv.com,+43 59896,Austria,https://www.b2hv.com/
BÄ°ANCO DIS TÄ°CARET A.S.,baran@biancoas.com.tr,,Turkiye,
BAE Batterien GmbH,sales@bae-berlin.de,+49 (0) 30 53001661,Germany,https://www.bae-berlin.de/
Bahra Electric,adeel.jaweed@bahra-cables.com,00966125911115,Saudi Arabia,http://www.bahra-electric.com/
Basec (British Approvals for Cables),tony.lioveri@basec.org.ukxxx,0044 1908267300,United Kingdom,https://www.basec.org.uk/
BASOR ELECTRIC S.A.,l.castello@basor.com,,Spain,
BAUDOUIN,h.nasri@baudouin.com,0033 488688500,France,https://www.baudouin.com/
BAUR GmbH,annalena.netzer@baur.at,+43 552249410,Austria,https://www.baur.eu/
BBC Cellpack Gmbh,rene.reichert@cellpack.com,0049 7741600784,Germany,https://www.bbcgroup.com/en/bbc-cellpack-swiss-quality/
"BEINEI Diesel Engine (Tianjin) Co., Ltd.",cly@cnbeinei.com,+86 185 1009 6883,China,https://www.cnbeinei.com/
Beluk GmbH,stephan.leckel@beluk.de,0049 8861233245,Germany,https://www.beluk.de/
BENEDICT GmbH,t.legenstein@benedict.at,+43 1251 510,Austria,https://www.benedict.at/
Beromet,l.wechsler@beromet.com,0033 142879569,France,https://www.beromet.fr/
BEST - Balikesir Elektromekanik Sanayi Tesisleri AS,best@besttransformer.com,+902662811070,Turkiye,https://www.besttransformer.com/en/
"BH SYSTEM CO.,LTD",jin@bh-system.com,0082 316893212,"Korea, Republic of",http://www.bh-system.com/new/eng/#n
Bharti Industries,info@bhartiindustries.in,+91 8938885544,India,
BICER PANO METAL ISLERI VE ELEKTR. SAN. TIC. A.S,mehmetbicer@bicerpano.com.tr,+90 2562113315,Turkiye,http://www.bicerpano.com.tr/en/
Billtech Electricals Private Limited,director@billtechelectricals.in,0091 120807328,India,
Bladeranger,oded@bladeranger.com,+972 523927966,Israel,https://www.bladeranger.com/
Blf Srl,seve@blf.it,0039 331760111,Italy,http://www.blf.it/index.aspx
Borsan Kablo Elektrik Aydinlatma San. Ve Tic. A.S,ziyaaydin@borsan.com.tr,+90 212 210 5262,Turkiye,https://www.borsan.com.tr/
BPC Energy,KimWatkinson@bpc-ups.com,+44 1794521200                      ,United Kingdom,https://www.bpc-ups.com/
BPC Energy Ltd,kimwatkinson@bpc-ups.com,+44 1794521200,United Kingdom,
Braco Electricals (India) Private Limited,tushal@braco.in,009122 49704861,India,https://www.braco.in/
Brady Middle East FZE,simona_villa@bradycorp.com,00971 48812524,United Arab Emirates,http://www.bradymiddleeast.com/
Bragamoro Sistemi Di Energia Srl,claudia.cannata@bragamoro.com,+39 251672216,Italy,
Brass Copper & Alloy (I) Ltd,ronish@hexworldwide.com,0091 2240950000,India,
Bremas Ersce Spa,roberto.pagetti@bremas.it,,Italy,
Bruno S.r.l.,gg@bgg.it,,Italy,
"Bushing (Beijing) HV Electric Co., Ltd.",boshiyinsb@163.com,+86 1069070158,China,http://www.boshiyin.com/
Business France,clarisse.roussel@businessfrance.fr,+33 1 40 73 30 00,France,https://www.businessfrance.fr/
BYD Company Ltd.,karson.xiao@byd.com,+86 18998128159,China,https://www.bydbatterybox.com/
C&D Technologies (UK) Ltd,caroline.hepworth@cdtechno.com,00971 48819256,United Kingdom,https://www.cdtechno.com/
Cabcon India Limited,Kundan@cabconindia.com,+91 3340365000,India,https://www.cabconindia.com/
CABEX ELECTRICAL COMPONENTS,cabexindia@gmail.com,+91 982522230,India,
CABEX ELECTRICAL COMPONENTS,cabexindia@gmail.com,+91 982522230,India,
Cable Depot FZCO /Belden,paikar@icas.ae,+97148833767,United Arab Emirates,http://cabledepot-me.com/
CABLEL WIRES S.A.,imeliopoulos@cablelwires.com,+30(2262)048976,Greece,https://www.cablelwires.com/
Cablerie Daumesnil,deborah.lichentin@cableriedaumesnil.com,,France,
Caley Electrical,cgittus@caleyelectrical.com,0555239436,United Arab Emirates,
Camino Science Sp. Z O.O.,mariusz@camino.science,+48502409475,Poland,
CANALPLAST S.P.A.,export@canalplast.it,0039 029906421,Italy,https://www.canalplast.com/
Cavicel S.p.A.,cavicel@cavicel.com,0039 0292160521,Italy,http://www.cavicel.com/en/
CE+T Power,m.delorie@cet-power.com,0032 473366141,Belgium,https://www.cet-power.com/en/
"Cecep Xi'an Qiyuan Mechanical And Electrical Equipment Co.,Ltd.",marketing@sdricom.com,0086 2986531335,China,http://www.sdricom.com/
"CECF-ELECTRIC TRADING (SHANGHAI) CO., LTD",manager5@ekfgroup.net,+86 13764505400,China,
"Ceepower Co., Ltd.",wangyan@ceepower.com,+86 59186550308,China,https://www.ceepower.com/en/
Central Power Research Institute,shyamsundar@cpri.in,+91 9449057569,India,https://www.nkt.com/
CepaS Galvaniz Demir Celik Tic. Ve San. A.S,utku.parlak@cepas.com.tr,0090 3128154723,Turkiye,https://www.cepas.com.tr/
CER POWER Srl,commerciale@cerpower.it,+39 823351414,Italy,http://www.cerpower.it/en/
CESI S.P.A (KEMA Labs),levent.celikel@cesi.ae,0039 221255137,Italy,https://www.cesi.it/
CGM Gruppi Eletrogeni Srl,manuela.baldisserotto@cgmitalia.it,0039 444673712,Italy,https://www.cgmitalia.it/
Chameleon Smart Home Zrt.,miklos.forray@chameleon.sh,+36706810074,Hungary,
"Changhong Plastics Group Imperial Plastics Co., Ltd.",benjamin@chs.com.cn,+86 577 6279 9265,China,https://chs.com.cn/
Charnaud & Company (Pty) Ltd.,lara.marketing@charnaud.co.za,0027 366341534,South Africa,https://charnaud.net/contact-us/
Chauvin Arnoux Energy,wanis.ammi@chauvin-arnoux.com,+33 175601035,France,
Chetna Engineering Co,abhijeet.brahmankar@chetnaengg.co.in,,India,
"China Electrical Equipment Group Co., Ltd",zhangxing@cee-group.cn,+86 2166698182,China,
China National Cable Eng Corp,syed.jawad@chinacables.com,+965-24338047,Kuwait,
CHINT GLOBAL INTERNATIONAL PTE. LTD.,zengqian@chintglobal.com,,Singapore,https://en.chintelec.com/
"Chongqing Senci Import & Export Trade Co., Ltd.",sa@aipowerglobal.com,0086 2388027505,China,
Cimteq by UL Solutions,hamada.khalifa@cimteq.com,+441978 664215,United Kingdom,https://cimteq.com/en/
Cimteq by UL Solutions,hamada.khalifa@cimteq.com,,United Kingdom,
CITEL-2CP,sylvie.champeaux@citel.fr,+33 141235023,France,https://www.citel.fr/
Cleon Powertech Solution,nitingosain5@gmail.com,00911202779394,India,https://www.cleonpowertech.in/
CO.SI.ME S.R.L.,direzione@cosime.com,0039 0252576510,Italy,https://www.cosime.com/
Coelmo spa,noe.vitulano@coelmo.it,0039 818039731,Italy,https://www.coelmo.it/
ComAp a.s. DMCC.,info@comap-control.com,+971 50 744 8680,United Arab Emirates,https://www.comap-control.com/
COMELETRIC SRL,a.massa@comeletric.it,,Italy,https://www.comeletric.it/?lang=en
COMEM,marketing@it.comem.com,+390444449311,Italy,https://www.comem.com/
Compaq International (P) Limited,harpreet@compaqinternational.com,0091 1732268258,India,http://www.compaqinternational.com/
Conlog (Pty) Ltd,kim.terblanche@conlog.com,0027 312681111,South Africa,https://www.conlog.com/
Connectwell Industries Pvt. LTd,pradeep@connectwell.com,+91 25 1712 0600,India,https://www.connectwell.com/
Contrel Elettronica S.r.l.,daniele.ferrari@contrel.it,+39 37130207,Italy,
CONTREL ELETTRONICA SRL,daniele.ferrari@contrel.it,,Italy,http://www.contrel.it/index.php
Coptec (New India Group)- New India Cuprotec,sales@indiancopper.in,0091 2223863526,India,https://www.indiancopper.in/
CPU Hydrogen Power Technology,xuwt@cpugl.com,+86 51265885698,China,
CRE Technology,cindy.barbaud@cretechnology.com,+33 492388682,France,https://www.cretechnology.com/
Creative Electronics Pvt. Ltd,business.development@creativegroup.com.pk,,Pakistan,
Crestchic Middle East FZE,l.wilks@crestchic.com,00971 48818655,United Arab Emirates,https://crestchicloadbanks.com/
Crown Micro FZCO,elvira@crown-micro.ae,+971 48839373,United Arab Emirates,https://www.crownmicroglobal.com/
"CRRC Zhuzhou Electric Locomotive Research Institute Co.,Ltd",helil@csrzic.com,+86 73128498304,China,https://www.crrcgc.cc/zzs/
Crystal Exports,utsav@groupcrystal.com,00917666995852,India,https://www.groupcrystal.com/
Customer Delight Trading,smts@cdtme.com,+971 25545917,United Arab Emirates,
"Dalite Technology Co.,Ltd",info@dalighting.com,+86 51988363589,China,
"Dan yang jinsheng street lighting co., Ltd",michelle@jinsheng.cc,0086 13921571789,China,
Deep Sea Electronics Ltd.,marketing@deepseaelectronics.com,0044 1723890099,United Kingdom,https://www.deepseaelectronics.com/
Deepak International Limited,navee@deepakinternational.com,+91 1612530184,India,
DEGA Expoteam Gmbh & Co. Ausstellungs KG,c.naeck@dega-expoteam.de,+49 8841678350,Germany,https://www.dega-expoteam.de/
DEHN SE,dominic.mesch@dehn.de,0049 91819061177,Germany,
DEIF Middle East FZE,smu@deif.com,0045 96149614,Denmark,https://www.deif.com/
Deko Otomasyon Elektrik ve Elektronik Sanayi Ve Ticaret Anonim Sirketi,kakkoca@dekoelektrik.com.tr,+90 5372518218,Turkiye,
Dekra SE,sabrina.s.fritz@dekra.com,0049 71178610,Germany,https://www.dekra.com/en/home/
Dekuma Rubber and Plastic Technology (Dongguan) Ltd.,daniel_liu@dekuma.com,+86 15920291381,China,https://www.dekuma.com/
DELTA BOX,svillani@delta-box.com,+33 327944294,France,https://www.delta-box.com/en/
Delta Elektrik Elektronik Imalat Sanayi Ticaret Ltd. Sti.,faruk@deltaups.com,+905323113106,Turkiye,
Delta Elektrik Elektronik Imalat Sanayi Ticaret Ltd. Sti.,aleyna.gecgel@astoras.com.tr,,Turkiye,
DENÄ°ZLÄ° EXPORTERS ASSOCIATION,dilekozturk@denib.gov.tr,05418322316,Turkiye,https://denib.gov.tr/tr/default.html
"Deqing Shenhong New Material Technology Co., Ltd",sales@osmuntech.com,+86 5728207191,China,
Deva Plastik Pvc Granul San. Ve Tic. Ltd. Sti.,tunahan@devapvcgranul.com,,Turkiye,
Dexma Energy Intelligence by Spacewell,dspence@dexma.com,+34671986556,Spain,
DF Electric SA,amgad.gouhary@dfelectric.es,0034 933778585,Spain,https://www.dfelectric.es/
DigitalPlatforms S.p.A.,margherita.demarni@selta.com,0039052350161,Italy,https://www.selta.com/
Dilo Armaturen Und Anlagen Gmbh,axel.schuler@dilo-gmbh.com,0049 8333302259,Germany,https://de.dilo.com/en/
Dimax International GmbH,marketing@dimaxgroup.de,+4915252592806,Germany,https://www.konner-sohnen.com/
Dipl.-Ing. H. Horstmann GmbH,marianna.schroeter@horstmanngmbh.com,0049 2056976216,Germany,https://www.horstmanngmbh.com/
DKC,samuela.peruzzi@dkceurope.eu,0039 06552960287,Italy,https://www.dkceurope.com/en
DNS General Trading LLC,prakash@dnsdubai.com,+971 42356668,United Arab Emirates,
Doble Engineering Company,vvaclavek@doble.com,0044 1483514120,United Kingdom,https://www.doble.com/
Doepke Schaltgeräte GmbH,info@doepke.de,+49 4931 1806 0,Germany,https://www.doepke.de/
DoGanates Elektrik Elekt. InS. Nak. Gida Mad. San. Tic. Ltd. Sti.,export@doganates.com,+90 422 237 5197,Turkiye,https://www.doganates.com/
Domo Srl,e.bertoglio@domo.it,0039 298240540,Italy,https://www.domo.it/en/
DPP,polomcak@dpp-rybnik.sk,+421915773092,Slovakia,
Dr. Brockhaus Messtechnik GmbH & Co. KG,measurements@brockhaus.com,+49 23513644-0,Germany,https://www.brockhaus.com/
Drouaire,contact@drouaire.com,+33 553887087,France,
Dubai Cable Co. (Private) Limited-DUCAB,maitha.shuaib@ducab.com,00971 48158888,United Arab Emirates,http://www.ducab.com/
DUCATI ENERGIA SpA,m.donizetti@ducatienergia.com,+39 0516411286,Italy,https://www.ducatienergia.com/
Dutco Tennant LLC,arun.sengupta@dutcotennant.com,00971 42152799,United Arab Emirates,https://www.dutcotennant.com/
DV Power,budo@dv-power.com,0046 700925000,Sweden,
Dynamic Cables Limited,kadam@dynamiccables.co.in,+91 1414042005,India,
EAE Electric,info@eaegroup.com,(+90) 212 - 866 20 00,Turkiye,https://www.eaeelectric.com/
Eastman Auto & Power Ltd,astha.gupta@eastmanglobal.com,+91 1242873600,India,
EATON/ RTK PRODUCT LINE,accounts@aman-eng.com,,United Kingdom,
Eaton FZE,zsolttramontini@eaton.com,00971 48066100,United Arab Emirates,https://www.eaton.com/ae
"EC Insulator Jiangxi Co.,Ltd.",danny@ec-insulators.com,+86 13661508904,China,http://ec-insulators.com/
"ECOFIL, spol. s r.o.",ubrezi@ecofil.sk,0042 1905518887,Slovakia,
EcoFlow Inc.,maggie.liu@ecoflow.com,+86 75586660185,China,http://ecoflow.com/
EDMI Limited,eriko.kanda@edmi-meters.com,0065 67512616,Singapore,https://www.edmi-meters.com/
EEPC India,rsharma@eepcindia.net,+91 33 2289 0651-52,India,https://www.eepcindia.org/
EFEN GmbH,manfred.klein@efen.com,+4961237045126,Germany,https://www.efen.com/
Egepan Elektrik Ana Dagitim Panolari Imalat Insaat San. Ve Tic. Ltd. Sti,erkandemyen@egepan.com.tr,+90 232 478 0546,Turkiye,https://www.egepan.com.tr/
Ekosinerji Elektrik San. Ve Tic. A.Å,,+90 262 656 4767,Turkiye,
EKSEN TEKNIK SUNGER SAN. VE TIC. A.S,f.hayta@eksensunger.com,0090 2125831241,Turkiye,https://www.eksensunger.com/
ELANTAS Europe GmbH,angela.faecks@altana.com,+49 4078 9460,Germany,https://www.elantas.com/europe
Elaphe Propulsion Technologies Ltd.,tjasa.hribar@elaphe-ev.com,+386 40 310 500,Slovenia,
ELATEC POWER DISTRIBUTION GmbH,office@elatec.net,0049 65019494-0,Germany,https://elatec.net/en
ELCA TRANSFORMERS,commerciale@elcasrl.it,0039 0331576229,Italy,https://www.elcasrl.it/
ELCOM,Jiri.hula@elcom.cz,420727968497,Czech Republic,
"ELCOM, a.s.",jiri.hula@elcom.cz,00420 724189216,Czech Republic,https://www.elcom.cz/en/
"Elcom, a.s.",jiri.hula@elcom.cz,+420 724189216,Czech Republic,
ELCON MEGARAD S.P.A.,anna.iuliano@elconmegarad.com,0039 0825607747,Italy,https://www.elconmegarad.com/
Elec Steel Processing Industries,paras@espi.co.in,0091 2652638554,India,https://www.espi.co.in/
Electric Way LLC,farooq@electricway.com,00971 43330479,United Arab Emirates,https://www.electricway.com/
Electrical and Electronic Association of the Czech Republic,sojka@electroindustry.cz,+420 731 563 615,Czech Republic,https://www.electroindustry.cz/
Electrical And Electronic Association Of The Czech Republic,sojka@electroindustry.cz,+420 736255657,Czech Republic,
Electrical Industries Company,jub@eic.com.sa,00966 38474242,Saudi Arabia,https://www.eic.com.sa/
Electrical Research and Development Association,pranav.parikh@erda.org,+91 0 26 5264 2942,India,https://www.erda.org/
Electrical Safety Product,gaelle.joffre@electrical-safety-products.com,0033 475905800,France,https://energy-utilities.com/sfe-international-comp283756.html
Electricity Turkey Magazine,mates@electricityturkey.com,+90 2126524168,Turkiye,
Electro Crimp Contacts (India) Pvt. Ltd.,harshad@eccipl.com,0091 2532350838,India,https://www.eccipl.com/
Electrotecnica Arteche Hermanos S.L,mikel.aranguren@arteche.com,+34 946011377,Spain,
ELECTROTEL,office@electrotel.ro,+40 247306204,Romania,https://www.electrotel.ro/
Elektra-Elektronik GmbH & Co. Störcontroller KG,soukaina.elgharbaoui@ees-online.de,0049 7191182249,Germany,https://www.ees-annunciator.com/
Elektrik Dunyasi,,,,http://www.elektrikdunyasi.com.tr/#slide1
Elektromotoren Und Gerätebau Barleben Gmbh,florian.bethge@emb-online.de,+49 392037187,Germany,
Elektrotechnische Werke Fritz Driescher Soehne GmbH,christoph.driescher@driescher.de,0049 87616810,Germany,https://www.driescher.de/
ELEQ b.v.,florian.radzibaba@eleq.com,0049 2273988726,Germany,https://www.eleq.com/en/
ELERON POWER SRL,m.estavio@eleron.it,0039 11 9434503,Italy,http://www.eleron.it/
Elettrocanali S.p.A.,c.mapelli@elettrocanali.com,+39035665077,Italy,http://www.elettrocanali.com/en
Elettroresin Srl,cavoletti@elettroresin.it,0039 736403295,Italy,
Elfit Arabia FZC,gm@elfitarabia.com,97167453987,United Arab Emirates,
ELKO EP,konecny@elkoep.cz,420573514512,Czech Republic,
"ELKO EP, s.r.o.",konecny@elkoep.com,00420 571514111,Czech Republic,https://www.elkoep.com/
"Elko Ep, S.r.o.",konecny@elkoep.com,+420 573514211,Czech Republic,
ELKOND HHK,dula@elkond.sk,+421905360482,Slovakia,https://www.elkond.sk/
Elmeasure India Private Ltd,praveen@elmeasure.com,,India,https://www.elmeasure.com/
Elmex Electric Pvt Ltd,dsoni@elmex.net,0091 2652642021,India,https://www.elmex.net/
Elsan Trafo San. Ve Tic. Ltd. Sti.,satinalma@elsantrafo.com,+90 4146119292,Turkiye,https://www.elsantrafo.com/
Elsteel,nayana@elsteel.com,,Denmark,
ELTECO TECHNOLOGY s.r.o.,s.svecova@elteco.sk,0042 1911692996,Slovakia,https://eltecotechnology.eu/
Emek Elektrik Endustrisi A.S,sales@emek.com.tr,00903123980181,Turkiye,https://www.emek.com.tr/
Emelec Elektrik Muh.San.Tic.A.S,tugce.erdeniz@emelec.com.tr,+90 216 593 3715,Turkiye,https://www.emelec.com.tr/
Emerson Professional Tools,damir.simunac@emerson.com,+1 4403235581,United States,
Emirates National Copper Factory - Nuhas,shafeeque@nuhas.ae,00971 25556680,United Arab Emirates,http://www.nuhas.ae/contact-us/
Emirates Panel Company Trading LLC,hassan@ep-uae.com,045476935,United Arab Emirates,http://ep-uae.com/
Emirates Transformer & Switchgear,dilanpatel@etsgroupco.com,00971 48816288,United Arab Emirates,https://www.emiratestransformer.com/
EMKA Beschlagteile Middle East FZE,h.aysha@emka.ae,00971 42844528,United Arab Emirates,https://www.emka.ae/
Energy Intelligence,pollerhead@energyintel.com,+44 7951 155868,United Kingdom,https://www.energyintel.com/
Enerpoly AB,samer@enerpoly.com,+46 0700641458,Sweden,https://www.enerpoly.com/
ENERSYS,cihan.palta@tr.enersys.com,+971 43392234,United Arab Emirates,https://www.enersys.com/EMEA/Home.aspx?langType=1033
Enetek Power MEA FZ-LLC,k.kalali@enetek-power-me.com,,United Arab Emirates,
ENEVO GROUP,office@enevogroup.ro,+40 371017242,Romania,https://www.enevogroup.com/
Enfrio Srl,eduardo.montejo@enfrio.eu,0039 3343390995,Italy,
Enko Kontrol Sistemleri AS,semihkazazoglu@enkoelektronik.com,0090 2323767806,Turkiye,https://www.enkoelektronik.com/
Ensmart Power Ltd.,ender.molla@ensmartpower.com,+442038088560,United Kingdom,
"ENTEC Electric & Electronic Co., Ltd.",cspark@entecene.co.kr,0082 312998306,"Korea, Republic of",https://entecene.co.kr/eng/
EODev,thibault.tallieu@eo.dev,0033 673751552,France,https://www.eo-dev.com/
Epc Enerji Ve Guc Donusum Sis. San. Tic. A.S,jhamza@epcas.com.tr,+90 2164995484,Turkiye,https://www.epcas.com.tr/
EPS Energie Gmbh,service@epsenergie.de,49626446626446,Germany,
Ergon International,karuna.sadasivam@ergon.com,+32 23512375,Belgium,
Erse Kablo San. Ve Tic. A.s.,gamze.badem@ersekablo.com.tr,+90 212 320 26 80,Turkiye,https://www.ersekablo.com.tr/
Essex Energy | Essex Italy S.r.l. | A Superior Essex Company,roberto.salvaggio@essexwire.com,+39.0131.7941,Italy,https://www.essexenergy.eu/
Eternity Technologies,milind.deshpande@eternitytechnologies.com,+ 971 72433535,United Arab Emirates,
Etien Enerji Sistemleri San. Tic. Ltd. Sti.,info@etien.com.tr,,Turkiye,
Eurogulf Transformer Fze,yusuf@eurogulftransformers.com,00971 6526116,United Arab Emirates,https://eurogulftransformers.com/
Europower Enerji Ve Otomasyon Teknolojileri San. Ve Tic. A.S,can.keles@europowerenerji.com.tr,+90 3128154880,Turkiye,https://www.europowerenerji.com.tr/
EUROSMC,andres@eurosmc.com,+34 918 498 980,Spain,https://www.smcint.com/
"EverExceed Industrial Co.,Ltd",Marketing@everexceed.com,+86 755 21638065,China,https://www.everexceed.com/
"EVOL (Tianjin) Import and Export Co., Ltd.",amy@evolpower.cn,+86 15522747201,China,https://www.evol-power.com/
Ex-Con-East GmbH,jan.haufe@ex-con-east.com,,Germany,
Exide Industries Ltd,shubhankarp@exide.co.in,+91 3323023645,India,https://www.exideindustries.com/
EZT Elektrik Sanayi ÄÃÂÃÂ°malat ve Tic. Ltd. ÅÅÃÂ¾t,burakcebeci@esitelectric.com,+90 216 420 4601,Turkiye,
"Fabricacion De Material Electrico, S.A.-(FAMATEL S.A.)",o.marco@famatel.com,0034 938634640,Spain,https://www.famatel.com/es/
FaMe Software GmbH,m.neumann@fame-online.de,+49 4207911012,Germany,
Fandis Spa,lia.giovanella@fandis.com,0039 321963232,Italy,https://www.fandis.com/
"Fanox Electronic, S.L.",p.martinez@fanox.com,0034 944711409,Spain,https://www.fanox.com/
FANTON,s.scandilori@fanton.com,+39 049 959 7911,Italy,https://www.fanton.com/
Farad Trading Company,sadiq@farad.sa,+966500092611,Saudi Arabia,
"Farady Electric Co., Ltd",sale@farady.cn,+86 57761722510,China,https://www.farady-electric.com/
Federazione Anie,internazionale@anie.it,+39 0232641,Italy,https://anie.it/
FELICITY SOLAR TRADING L.L.C,hud@felicitysolar.com,00971 586262957,United Arab Emirates,
FIAMM Energy Technology S.p.A.,stella.bottegal@fiamm.com,+39 0444709311,Italy,https://www.fiamm.com/
Fibox GmbH,pawel.wielinski@fibox.com,+49 5731 86946-0,Germany,https://www.fibox.com/
"FICO HITECH Pvt. Ltd,",abdulaziz@ficohitech.com,92-4235788040,Pakistan,
FIMUSKRAFT,ahti.koivunen@netikka.fi,+358 50 559 3091,Finland,
Finntrepo Ltd,jouni.maaranto@trepo.fi,00358 105834083,Finland,https://www.finntrepo.fi/
Flexicon Limited,colin.legg@flexicon.uk.com,+44 1675 466 900,United Kingdom,https://www.flexicon.uk.com/
FLIR Systems Trading Belgium bvba,Sarah.Wilson@teledyneflir.com,0044 7843266636,Belgium,https://www.flir.com/
Flowbox,jana.stastna@flowbox.com,420725042490,Czech Republic,
FLOWBOX s.r.o.,jana.stastna@flowbox.com,00420 725042490,Czech Republic,
FLOWBOX s.r.o.,jana.stastna@flowbox.com,+420 725042490,Czech Republic,
Fluke Europe B.V.,helen.hoy@fluke.com,+31 402675138,Netherlands,https://www.fluke.com/en
"Flying Motors (Shenzhen) Co., Ltd.",sales@flyingmotors.net,+86 15692159197,China,https://n/A
FMT Group Enerji,assistant@fmtgroup.al,+355 697025033,Turkiye,
"Focus Technology Co., Ltd.",zengyamin@focuschina.com,0086 2566677777,China,
"Foshan Xtra Power Technology Co., LTD",sales@xtrapower.com.cn,+86 18823151718,China,
FPT Industrial,carlotta.merlo@fptindustrial.com,0066 922575036,Italy,https://www.fptindustrial.com/global/en
FRAKO Kondensatoren- und Anlagenbau GmbH,ehret@frako.de,0049 7641453-0,Germany,https://www.frako.com/
Franklin Electric Grid Solutions,heather.stangeland@fele.com,+1 6088388786,United States,http://en.bo-ying.net/
FRANKLIN France,amlefort@indelec.com,+33 638571887,France,
Fritz Driescher KG Spezialfabrik fur Elektrizitätswerksbedarf GmbH & Co.,a.driescher@driescher-wegberg.de,49243481402,Germany,
FTC SWITCHGEAR PVT. LTD.,ftcindia@gmail.com,+91 9999022077,India,https://www.ftcswitchgear.com/
FUSELEC,info@fuselec.com,+91 9910008860,India,https://www.fuselec.com/
Future Energy Fabrication For Electric - FEFA Power Solutions,bdm@fefa-power.com,+1 7788009262,Canada,https://www.fefa-power.com/
G&W Electric,kdepooter@gwelec.com,001 7089260982,United States,https://www.gwelectric.com/
"Gacia Electrical Appliance Co, Ltd",lee@gacia.com.cn,0086 57757575306,China,https://www.gacia.com.cn/
GAMO,zuzana.omelkova@gamo.sk,+421905661551,Slovakia,
GANZ Transformers and Electric RM.,anna.szondi@ganzelectric.com,+36 307917011,Hungary,
GAZ GROUP,,+7 (4852) 58-81-20,Russian Federation,https://gazglobal.com/
GAZ Middle East Industry LCC,sales@gaz-gmbh.com,+966 138493636,Saudi Arabia,https://www.gaz-gmbh.com/
GCC Electrical Testing Laboratories,ali.asiri@gccelab.com,+966 138689800,Saudi Arabia,
GEMINIANI SRL,mgeminiani@geminiani.com,0039 5359011,Italy,
GENAQ,info@genaq.com,+34957625712,Spain,https://www.genaq.com/
General Fan Company (Pvt) Ltd.,,+92-53-3707501 - 4,Pakistan,https://www.gfcfans.com/
General Industrial Controls Private Limited,srikanth.acharya@gicindia.com,0091 2030 680031,India,https://www.gicindia.com/
"Generazione Distribuita - Motori, Componenti e Gruppi Elettrogeni",affari.internazionali@anima.it,+39 02 45418500,Italy,https://www.generazionedistribuita.net/
Genus Innovation Limited,anup.srivastava@genusinnovation.com,+91-9873138695,India,https://www.genusinnovation.com/
German Federal Ministry for Economic Affairs and Climate Action,carolin.hoffmann@expotecgmbh.de,+49 1888 6150,Germany,https://www.bmwk.de/
Geros Srl,diegogeremia@geros.it,0039 42485015,Italy,http://www.geros.it/en-gb/
Gerpa Elektrik Tekstil San Ve Tic. A.S,denizakcin@gerpaas.com,,Turkiye,
Ges Genel Elektrik Sistemleri San. Ve Tic. Ltd. Sti.,info@gpano.com,+90 (212) 549 75 60,Turkiye,https://www.gpano.com/
Getra Power S.P.A.,infoline@getra.it,+393484217986,Italy,https://www.getra.it/
GEWISS Gulf,leilamarie.ponce@gewiss.com,+971 586430184,United Arab Emirates,
GFM Fotovoltaica,jbustos@gfm.es,+34925195784,Spain,
GG Valves Pvt. Ltd,info@ggvalves.com,+91 2942490223,India,
Ghaddar Machinery Co.,mhd@ghaddar.com,00961 7220000,Lebanon,https://www.ghaddar.com/
Giant Reinforced Plastic Ind LLC,manjula@grpindustries.com,00971 65574841,United Arab Emirates,https://www.grpindustries.com/
Gimax srl,cei@gimaxsrl.it,+39 584 81742,Italy,https://www.gimaxsrl.it/
Giovenzana International B.V.,ammar@giovenzana.com,+971 4 887 0788,United Arab Emirates,https://www.giovenzana.com/
GLOBAL POWER SOURCE FZC,balaji.naidu@gpsgc.com,+971 503439297,United Arab Emirates,
GNB Batteries Trading MEA LLC,adnan.eid@exidegroup.com,971 (04) 442 5606,United Arab Emirates,https://www.exidegroup.com/
Gogate Electrosystems (Nasik) Pvt Ltd,tarun.kalia@gogate.in,0091 2536614740,India,https://gogate.in/
GreatWhite Global Pvt Ltd,rakesh.d@great-white.in,0091 2230036565,India,https://great-white.in/
Green Power Systems Srl,giovanni@greenpowergen.com,0039 722726411,Italy,https://www.greenpowergen.com/
Greenlee,damir.simunac@emerson.com,,United States,
Greenwood-Power GmbH,thomas.juschicz@greenwood-power.at,+43 6766714404,Austria,
Gruppo Bonomi,carlotta.dalpozzo@gruppo-bonomi.com,0039 309650304,Italy,
GRUPPO ENERGIA - POWER MANAGEMENT EQUIPMENT,sales@gruppoenergia.it,+39 030 320 301,Italy,https://www.gruppoenergia.com/
GS Yuasa Battery France,yves.bonnin@gs-yuasa.fr,0033 474959090,France,http://www.gs-yuasaeurope.com/
"GuangDong Aokly Group Co.,Ltd",sales@aokly-battery.com,+86 18578645468,China,https://www.aokly-battery.com/
"Guangdong Futina Electical Co., Ltd.",export11@futina.com,+86 135 4364 0999,China,https://www.futinaswitch.com/
"GUANGDONG PATTERN NEW ENERGY CO.,LTD",Kathleen@patternbattery.com,+86 755 86524336,China,https://www.patternbattery.com/
"Guangdong Sako New Energy Co., Ltd",szsales8@sako.com.cn,+86 75527498765,China,
Guangdong Shunde Longtop Precision Manufacturing Co.Ltd.,kingsley@longtop-metal.com,0086 75725668111,China,http://www.longtop-metal.com/
"Guangdong Techfine Electronic Co.,Ltd",Ken@techfinepower.com,+86 757 8262 4113,China,https://www.techfinepower.com/
"Guangzhou Guangya International Lighting Technology Co.,Ltd.",1274058742@qq.com,86-13825123557,China,https://www.coll.net.cn/
"Guangzhou MPC Power International Co., Ltd.",305411925@qq.com,+86 20 8780 2815,China,http://gzmpcpower.com/
"Guangzhou SAT Infrared Technology Co.,Ltd",arvin.zeng@sat.com.cn,+86 13268018683,China,https://www.sat.com.cn/
"Gulf Technical Industrial Co, (GEPICO)",alaa@gepico.com,+962 795528516,Jordan,
Guney Celik Has Dem Mam San Tic A.S.,a.erel@guneycelik.com.tr,+90 3223945030,Turkiye,https://www.guneycelik.com.tr/
Gupta Power Infrastructure Limited,shailendra.singh@guptapower.com,0091 6742313898,India,https://www.guptapower.com/
GUVEN ELEKTRIK ELEKTRONIK LTD. STI,ali@guvenelektrik.com.tr,0090 2124850540,Turkiye,https://guvenelektrik.com.tr/
H. Heinz Messwiderstande GmbH,buchhaltung@messwiderstaende.de,,Germany,
HAEFELY AG - MGC MOSER GLASER - PFIFFNER,sales@haefely.com,+41 61 373 41 11,Switzerland,https://www.haefely.com/
Hammond Power Solutions,sales@hammondpowersolutions.com,001 5198222441,Canada,https://www.hammondpowersolutions.com/
"Hangzhou Haile Electrical CO., Ltd",jack@jbe-electrical.com,+86 571 63597588,China,https://www.haile.cn.alibaba.com/
Haris Al Afaq,reshma@haris.com,00971 42734005,United Arab Emirates,https://www.haris.ae/index.html
Hascelik Kablo San. Tic. A.S,honus@hascelik.com.tr,0090 3523211555,Turkiye,https://kablo.hascelik.com.tr/
HAUK & SASKO Ingenieurgesellschaft mbH,beate.buerkle@hauk-sasko.de,,Germany,
HBL Power Systems Ltd,syed.junaid@hbl.in,0091 4066167777 Ext. 304,India,https://www.hbl.in/
"Heavy Power Co.,Ltd.",irene.chang@heavypower.com.tw,+886 222983178,"Taiwan, China",
"Hebei Goodfix Industrial Co.,Ltd",jessy@fixdex.com,0086 18002570677,China,https://www.fixdex.com/
"HEBEI TUOFA TELECOMMUNICATION AND ELECTRIC EQUIPMENT MANUFACTURING CO., LTD.",tuofa@hbtuofa.com,,China,https://www.nkt.com/
"Hebei Yongguang Line Equipment Co., Ltd",antony@yp163.net,+86 13120713365,China,
Heinrich Georg GmbH,louis.leon.neff@georg.com,+49 2732 7790,Germany,https://www.georg.com/en/
HELU KABEL GmbH,sarah.atkin@helukabel.de,,Germany,
"Henan Qingzhou Cable Co.,Ltd",info@qzcablegroup.com,+86 18625503172,China,https://www.qingzhou-cable.com/
"Henan Quanxiang Industrial Co., Ltd.",tina.zheng@quanalf.com,+86 37186588656,China,https://www.quanalf.com/
"Henan ZMS Cable Import and Export Co.,Ltd",info@zmscable.cn,+86 0371 6782 9333,China,https://www.zmscable.com/
"Hengtong Optic-Electric Co., Ltd",ompd@htgd.com.cn,+86 51263957797,China,https://www.hengtonggroup.com/en
Hensel Electric FZE,rajesh@hensel-electric.ae,+971 6 574 7547,United Arab Emirates,https://www.hensel-electric.ae/
HEPA HUNGARIAN EXPORT PROMOTION AGENCY,edina.varga@hepa.hu,+36 19222600,Hungary,
Hering - VPT GmbH,info@hering-vpt.de,0049 98318834666,Germany,http://www.hering-vpt.com/
Hermes Elektrik Pazarlama Ltd. Sti.,gm@hermesarthing.com,,Turkiye,
High Voltage Inc,ekirby@hvinc.com,001 5183293275,United States,https://hvinc.com/contact/
Hightension Electrical Equipments Pvt Ltd,intl@hightension.in,0091 83326510209,India,https://www.hightension.in/
HIGHVOLT Pruftechnik Dresden Gmb,s.kretzschmar@highvolt.com,0049 3518425600,Germany,
Himec Industries,basu.himec@gmail.com,+36 307917011,Hungary,
Himel International Fze,shobha.bajaj@himel.com,+971 4 808 7117,United Arab Emirates,https://www.himel.com/
Hioki E.E. Corporation,rose@hiokimea.ae,+971 42323400,United Arab Emirates,https://www.hioki.com/
"HJÂ PolymerÂ ChinaÂ Co.,Â Ltd.",sale@hjcheme.com,+86 051086539998,China,https://www.hjcheme.com/
HMS Industrial Networks AB,dasu@hms.se,0044 7384510520,Sweden,
HOBIEX OTOMOTIV A.S,mehmet.bulut@hobiex.com,00902127343731,Turkiye,https://www.hobiex.com/
Hobiex Otomotiv A.S,mehmet.bulut@hobiex.com,+90 2125493496,Turkiye,
HOBUT (Howard Butler Ltd),paul.collins@hobut.co.uk,+44 1922 640 003,United Kingdom,https://www.hobut.co.uk/
"HOGN Electrical Group Co.,Ltd.",hogn-sale02@ihogn.com,0086 57762668266,China,https://www.ihogn.com/
HOPPECKE Batterien GmbH & Co.KG,Justin.Ingham@hoppecke.pl,+97150 4538015,Germany,https://www.hoppecke.com/
HPL Electric and Power Ltd.,rakeshjuneja@hplindia.com,0091 1204656300,India,https://www.hplindia.com/
HT ITALIA S.R.L.,c.balestrazzi@ht-instruments.com,0039 0546621002,Italy,https://www.ht-instruments.com/en/
"Huanyu Group Co., Ltd.",austin@huyu.com.cn,+86 13506552522,China,http://www.huanyu-electric.com/
"Huanyu Group Co., Ltd.",danqimin@huyu.com.cn,+8657762873876,China,
"Huanyu High Tech. Co., Ltd",sherly@huyu.com.cn,0086 5775710810,China,https://www.huyu-electric.com/
HVR Industries Pvt Ltd,vkbansal@hvrind.com,+91 9650746669,India,https://www.nkt.com/
HVR International GmbH,ralf.vespermann@hvrint.de,0049 91137658620,Germany,https://www.hvrint.de/
HYBNRG,philipp@hybnrg.com,+43 676 4312674,Austria,
Hyphen Cables Pvt. Ltd.,rahul@hyphencables.com,0091 1127782910,India,https://www.hyphencables.com/
IAC Electricals Pvt. Ltd.,kemparaju@iacelectricals.com,0091 913324858817,India,https://iacelectricals.com/
Ibiza Power Energy Systems LLC,thrbusiness97@gmail.com,,United Arab Emirates,
ICE Italian Trade Agency,a.ontano@ice.it,00971 44345280,United Arab Emirates,
ICE SAS,marketing@icelec.com,+33 141797600,France,https://www.icelec.com/
IDE ELECTRIC S.L.,beatriz@ide.es,,Spain,
IDE SYSTEMS,bhavisha.fatania@idesystems.co.uk,0044 1543 574 111,United Kingdom,https://www.idesystems.co.uk/
Idea Makina Imalat San Ve Tic Ltd Sti,elif.cubuklu@ideamakina.com.tr,0090 2163134277,Turkiye,https://www.ideamakina.com/
Ideal Industries,brett.smyth@idealindustries.com,+44 7790827680,United Kingdom,
Ikon Aydinlatma Muh. Teknolojileri Imalat San. Tic. Ltd. Sti.,yasin@xn--ikonaydnlatma-99b.com.tr,,Turkiye,
Ilx Muhendislik Iml.Ith. Ihr. San. Ve Tic. Ltd. Sti.,export@ilx.com.tr,+90 216 4991106,Turkiye,https://www.ilx.com.tr/
IMEQUADRI DUESTELLE S.P.A.,cristina.oberti@imequadriduestelle.it,0039 0354184247,Italy,https://www.imequadriduestelle.it/
IMT Industrie Motoren Technologie GmbH,stephanie.maneval@imt-technologie.de,+49 8191 3311480,Germany,https://www.imt-technologie.de/
INDELEC,jmillon@indelec.com,+33 761584408,France,
Indlovu Enterprises,francois@undlovu.co.za,+27 834540768,South Africa,
INDTECH CAPACITORS INDIA,indtechcap@gmail.com,,India,
Industria Metaloquimica Kels,rubelkelen@kels.com.br,+55 1938279191,Brazil,https://www.kels.com.br/
INFOSEC UPS SYSTEM,ouairy@infosec.fr,0033 240761019,France,https://www.infosec-ups.com/en/
Innovative Insulators Company,abdullah@innovativeinsulators.com,00966 555815598,Saudi Arabia,https://www.innovativeinsulators.com/
Intercable Tools GmbH,export@intercable.com,+49 2191 37694-0,Germany,https://www.intercable.tools/
International Tube and Conduit Company Ltd.,imad@itcc-group.com,00966 122889198,Saudi Arabia,http://www.itcc-group.net/home.html
Interplast Co Ltd UAE,lawrence@interplast-uae.com,00971 65395577,United Arab Emirates,http://www.interplast-uae.com/
Intertek,meghna.mathews@intertek.com,00971 43178217,United Arab Emirates,https://www.intertek.com/
IPEC Limited,fandy.chang@ipec.co.uk,+44 1612 260 045,United Kingdom,https://www.ipec.co.uk/
Isildar Plastik Ve Aydinlatma.a.s.,info@isildar.eu,+90 2125495393,Turkiye,
Isotta Fraschini SPA,isottafraschini@isottafraschini.it,+39.080.534.5000,Italy,https://energy.isottafraschini.it/en/
ISST ELECTRICAL AND ELECTRONICS TRADING,h.salem@isst-smart.com,,United Arab Emirates,
ISTANBUL DEMIR VE DEMIR DISI METALLER IHRACATCILARI BIRLIGI,meltem.ozcan@immib.org.tr,0090 2124540000,Turkiye,https://turkishcopper365.com/
Istanbul Kilit Hirdavat Aks. San. Tic. Ve Paz. Ltd. Sti.,ergun.varlik@istanbulkilit.com,0090 2125498109,Turkiye,https://www.oskarlocks.com/
ITALIAN CABLE COMPANY S.P.A.,laura.castelli@icc.it,0039 0354493029,Italy,https://www.icc.it/
ITALWEBER S.P.A.,silvia@italweber.it,0039 0293977201,Italy,https://www.italweber.it/
J P Containers Ltd,gary@jpsil.co.uk,+44(0)1606331103,China,
J. Schneider Elektrotechnik GmbH,g.kutschki@j-schneider.de,0049 781206145,Germany,https://www.j-schneider.de/en
J&K INDUSTRIES,kalpesh.jnk@gmail.com,+91 9769073638,India,
Jainco Transmission Limited,despatch@jainco.net,+91 8100674958,India,
Janitza Electronics GmbH,beatrice.bader@janitza.de,0049 64419642539,Germany,https://www.janitza.com/
Jasco Electric Co. Ltd.,jascofuse@jasco.cn,+8613968770966,China,https://www.jasco.cn/
Jayachandran Industries (P) Ltd,sreeni@jcbattery.net,+91 7540013211,India,https://www.jcbattery.net/
JDIYAN INTERNATIONAL,jdiyan.sales@gmail.com,+971 543272773,United Arab Emirates,
Jeddah Cables Company,yghalayini@cables.energya.com,00966 126360770,Saudi Arabia,http://www.jeddah-cables.com/products/
JEF Engineering Services Middle East Limited,lingheswarr@jeftechno.com,+971 552447290,United Arab Emirates,
"Jiangsu Carrett Technology Co.,Ltd",wenlinfangkelly@jscarrett.com,+86 18651661134,China,https://www.jrkj2009.com/
"JIANGSU HUACHEN TRANSFORMER CO.,LTD.",bolton@hcbyq.com,+86 139 5211 3869,China,https://www.hcbyq.com/
"Jiangsu Jianlong Electrical Co., Ltd.",jeff@jlbox.com.cn,0086 2160930108,China,https://www.connotec.com/en
"Jiangsu Reliable Industry Co., Ltd",williamwang@rlbcable.com,"0086 519 86371322,86576650",China,https://www.rlbcable.com/
"Jiangsu Seraphim Solar System Co., Ltd",info@seraphim-energy.com,0086 51968788166,China,https://www.seraphim-energy.com/
"Jiangxi Jingjiu Power Science & Technology Co., Ltd.",lynncheng@kijo.com.cn,+86 15879049130,China,
"Jiangxi Tengyue Trading Co.,Ltd.",rosejiang@jxhongte.com,+86 7947881029,China,https://en.jxtengde.com/
"Jiaxing Token Building Material Tech Co.,Ltd.",mark@tkgchina.com,0086 573 82879258,China,https://www.tkgchina.com/
JOBASI S.A.,jobasi@jobasi-sa.com,+351253 250 850,Portugal,https://jobasi-sa.com/en/
"Johsun Tec Electrical Group Co.,Ltd",johnson_wu@johsun.com,0086 18457760985,China,
"JOONGWON Co., Ltd.",shpark@joongwon.co.kr,+82 3 1481 0327,"Korea, Republic of",https://www.joongwon.co.kr/
JST TRANSFORMERS,emmanuel.vuittenez@jst-transformers.com,+33(0)478777963,France,
Jubaili Bros,jbdubai@jubailibros.com,00971 48832023,United Arab Emirates,https://www.jubailibros.com/
"Jubang Group Co., Ltd.",jubanggroup@163.com,+8613968737027,China,http://www.mccb.cn/
"JYC Battery Manufacturer Co., Ltd",sales@jycbattery.com,+86 186 7629 0933,China,https://www.jycbattery.com/
K.S. Terminals Inc.,exp@ksterminals.com.tw,+886 4758 2765,"Taiwan, China",https://www.ksterminals.com.tw/
KABKOM CABLE COMPOUNDS,fkahraman@kabkom.com.tr,0090 2167714025,Turkiye,https://www.kabkom.com.tr/
"Kaer Technology Co.,Ltd.",sale@chaer-china.com,,Zhejiang Province,
Kam Tech Solar Power Products Pvt. Ltd.,shakibkamtech@gmail.com,+91 9411505208,Roorkee,
Kappa Electricals/kappa Exports,mira@kappaelectricals.com,,India,
Karta Purkh Battery Industries,gurjeet@interlight.co.in,0091 1835031500,India,
Katko Oy,janne.hyrylainen@katko.com,00358 984960800,Finland,https://www.katko.com/
KBR Kompensationsanlagenbau GmbH,claus.czech@kbr.de,0049 91226373116,Germany,https://www.kbr.de/
"Kehua Data Co., Ltd",jon.zhang@kehua.com,0086 5925165883,China,https://www.kehua.com/
Kehui International Ltd.,diane.kibart@kehui.com,0044 1920 358990,United Kingdom,https://www.kehui.com/contact/
Kempston Control LLC,mohammad.ajaz@kempstoncontrols.com,042987111,United Arab Emirates,https://www.kempstoncontrols.ae/
Khereiji Showrooms Co. Ltd,m.emara@ksc.com.sa,00966 112428324,Saudi Arabia,https://www.ksc.com.sa/
Kingsine Electric Automation Co Ltd,derek@kingsine.com.cn,0086 75588352607,China,https://www.kingsine.com.cn/
"Kingsun Optoelectronic Co., LTD.",hailey_leung@kingsun-china.com,+86 0769 8339 5678,China,https://www.kingsunlights.com/
"KIWA sk, s.r.o.",sidun@kiwa.sk,00421 911971401,Slovakia,
Klauke,damir.simunac@emerson.com,,United States,
KME ITALY SpA,mic@kme.com,+39 05837011,Italy,https://www.kme.com/
Kodlife Group,info@kodlife.com.tr,0212 623 2606,Turkiye,https://www.kodlife.com.tr/
KÖHL POWER DISTRIBUTION SYSTEMS,sales@koehl-sarl.eu,+352 719971 0,Germany,https://www.koehl-sarl.eu/
KONCAR Group,darija.miklenic@koncar.hr,+00385 1 3655555,Croatia,https://www.koncar.com/
Kostad Steuerungsbau GmbH,gkj@kostad.at,+43 225472268-0,Austria,
KPB Intra,info@kpbintra.cz,420515200330,Czech Republic,
KPB INTRA s.r.o.,info@kpbintra.cz,00420 515200330,Czech Republic,https://www.kpbintra.com/
KPB Intra S.r.o.,info@kpbintra.cz,+420 602411734,Czech Republic,
KPS,cs.emea@mgl-intl.com,+34 985 08 18 70,Spain,https://kps-intl.com/
Kraus & Naimer Pte Ltd,eric.ng@krausnaimer.com,+65 6 473 8166,Singapore,https://www.krausnaimer.sg/
Krempel Gmbh,n.muehleisen@krempel-group.com,0049 70429150,Germany,https://www.krempel.com/
Kries-Energietechnik GmbH & Co. KG,t.kubach@kries.com,0049 715196932145,Germany,https://kries.com/
KRITIKA WIRES LTD,sales@kritikawires.com,+91 8582805552,India,
KSE Electricals DMCC,maltesh@kse.in,+971 4 420 6905,United Arab Emirates,https://www.kse.in/
Kubota Corporation,rahn.koyacreagen@kubota.com,0081 6 66482139,Japan,https://www.kubota.com/
Kurkcuoglu Jenerator Sanayi ve Ticaret A.S,erdem.baskok@kj.com.tr,0090 2163789707,Turkiye,https://www.kj.com.tr/
Kuube Hungary Ltd.,mate@kuube.hu,+36703896028,Hungary,
Kym Kablo San. Ve Tic. A.S.,export@kymkablo.com,+90 216 394 2301,Turkiye,https://www.kymkablo.com/
L.S. Power Control Pvt. Ltd,rahul.sawhney@laempresaindia.com,,India,
"L&R Electric Group Co.,Ltd.",cici@lrelectric.cn,+86 18167383232,China,http://www.lrelectric.cn/
"Labelec - Estudos, Desenvolvimento E Actividades Laboratoriais, Sa",catarina.silva@edp.com,00351 219017232,Portugal,https://labelec.edp.com/en
LAE - LUGHESE ATTREZZATURE PER LÂELETTROMECCANICA S.R.L.,annamaria.giganti@lae-srl.com,0039 054526095,Italy,http://www.lae-srl.com/
Lapp Insulators GmbH,tzembsch@lappinsulators.com,0049 923250155,Germany,
Laser Power & Infra Private Ltd.,anish.kukreja@laserpowerinfra.com,+91 6292274159,India,
"Laurence Electric Power Co., Ltd.",85095777@qq.com,+86 138 6879 0379,China,http://www.laurence.group/
Lawson Fuses LImited,russell.small@lawsonfuses.com,00971 48129999,United Arab Emirates,
LAYER ELECTRONICS S.R.L.,layer@layer.it,+39 0923 562794,Italy,https://www.layer.it/
Leader Industries Private Limited,ib@leaderbattery.com,,India,
LEF Group,filippobaldini@lefgroup.com,+39 0554217727,Italy,https://www.lefgroup.com/
Legion Energy Products Pvt. Ltd,sales@legionenergy.com,0091 9741966700,India,http://www.legionenergy.in/
Legnano Teknoelectric Company Middle East Fzco,bruno.giannotti@ltc-group.com,00971 48163500,United Arab Emirates,https://www.ltc-group.com/
Lento Industries Pvt Ltd,govind@lentoindia.com,,India,
"Lifasa - International Capacitors, S.a.",bbensar@lifasa.com,+34935747017,Spain,
"Liling Dongfang Electroceramic Co.,Ltd.",china@eastceramic.com,+86 73123029198,China,https://www.east-ceramic.com/
Limatech,florence.robin@limatech-france.com,+33689889182,France,
Linz Electric SpA,info@linzelectric.com,+39 045 763 9201,Italy,https://www.linzelectric.com/
"Lister Petter Co., Limited",mavis@tpshk.com,,China,
"Lister Petter Co., Limited",mavisli@listerpetter.com,,"Hong Kong, S.A.R., China",
Lithium Power,DEEPAK@LETHIUMPOWER.COM,+91 9582807341,India,https://www.lethiumpower.com/
Livguard Batteries Pvt Ltd,shayan.mukherjee@sar-group.com,0091 1244987499,India,https://www.livguard.com/
Lloyd Dynamowerke GmbH,rubach@ldw.de,0049 4214589237,Germany,https://www.ldw.de/
"Longsper Insulation Technology (Tianjin) Co., Ltd",zlltpyg@hotmail.com,+86 2227314832,China,https://www.encgroupltd.com/
LORUNSER Austria GmbH,KahKah@Loruenser.org,0043 5524 8291447,Austria,https://www.loruenser-substations.com/
Lorunser Austria Gmbh,kahkah@loruenser.org,+43 55248291447,Austria,
Lovato Electric Spa,alessandro.maffeis@lovatoelectric.com,0039 354282357,Italy,https://www.lovatoelectric.com/
LPCB,ed.gaynor@bregroup.com,+44 3333218811,United Kingdom,https://bregroup.com/products/lpcb/
Lucy Middle East FZE,fatima.lazreug@lucyelectric.com,00971 48129999,United Arab Emirates,http://www.lucyelectric.com/
Lumec Energy General Trading Fzco,osakabattery.india@gmail.com,+91 9837022977,United Arab Emirates,https://osakabatteries.com/
Luminous Power Technologies FZE,ashish.pareek@luminous-global.com,+971564152595,United Arab Emirates,https://www.luminous-global.com/
"Luoyang Kunyao Metal Material Co., Ltd",zhengguo.chen@kunyaocn.com,0086 37968626570,China,https://www.kunyaocn.cn/
LUXLIGHTING,h.chaina@marcont.ma,,Morocco,
MAC Ltd,c.oreilly@mac.ie,+353 61 334699,Germany,
Made,m.reverdy@made-sa.com,,France,
Madem Gulf Industries WLL,adel@mademgulf.com,00973 17832221,Bahrain,http://www.mademreels.com/pt/
Magnetic Control Factory,sales@magneticcontrol.com,+966 505211107,Saudi Arabia,https://www.magneticcontrol.com/
Mangal Electrical Industries Pvt Ltd,crgo.export@mangals.com,0091 9057100200,India,
MANUMAG S.L.,export@manumag.com,+34 976 140 606,Spain,https://www.manumag.com/
Many Folk Enterprises Limited,gaily@manyfolk.com.hk,+852 2381 4219,"Hong Kong, S.A.R., China",http://www.manyfolk.com/companyprofile.html
MARCONT STRUCTURES,a.laghlimi@marcont.ma,,Morocco,
MARECHAL ELECTRIC,l.charlot@marechal.com,+971 43621418,France,https://www.marechal.com/marechal/en
Marel D.o.o.,marelmajavucetic@gmail.com,00381 373566266,Serbia,https://marel.rs/index.php/home-eng
Marshall-Tufflex Ltd,ronnief@marshall-tufflex.com,+44 1424 856600,United Kingdom,https://www.marshall-tufflex.com/
Marshall-Tufflex Ltd,ronnief@marshall-tufflex.com,+44 1424 856616,United Kingdom,
Mas Plastik Otomotiv Ithalat Ihracat San. Tic. Ltd. Sti.,zafer.polat@masplastiktr.com,05393080071,Turkiye,https://masplastiktr.com/
Maschinenfabrik Reinhausen GmbH,info@reinhausen.com,0049 94140900,Germany,https://www.reinhausen.com/en/DesktopDefault.aspx/tabid-11/
MasterGrid,benoit.dt@mastergrid.com,+33 619350985,France,https://www.mastergrid.com/
"Maxge Electric Technology Co., Ltd",amy@maxge.com,0086 5728822266,China,https://www.maxge.com/
MBS-AG,info@mbs-ag.com,079769851400,Germany,https://www.mbs-ag.com/
MECC ALTE SPA,paolo.carraro@meccalte.it,0039 0444 396111,Italy,
Mefa Plastik,info@mefaplastik.com,,Ankara,https://www.nkt.com/
Megger Limited,Sawsan.Adnan@megger.com,00973 17740620,Bahrain,https://megger.com/
MEI Industrial Corporation,info@eurogrid.in,+91 9769600032,India,
Mejdaf Trading Company,mhassan@mejdaf.com,+966 114192112,Saudi Arabia,https://www.mejdaf.com/
MEMF Electrical Industries Co.,maqsood.alam@memf.com.sa,00966 112650515,Saudi Arabia,https://www.memf.com.sa/
Mennekes Elektrotechnik GmbH & Co. KG,maria.hoffmann@mennekes.de,0049 272341-1,Germany,https://www.mennekes.org/
"MERYTRONIC 2012, S.L.",merytronic@merytronic.com,0034 946052462,Spain,https://www.merytronic.com/
MERZ Schaltgeräte GMBH + CO KG,ulrich.hoenig@merz-schaltgeraete.de,0049 7971252252,Germany,
Mesan Elektrik Mumessillik Ve Sanayi A.S,info@mesanelektrik.com,212 771 29 44,Turkiye,https://www.mesanelektrik.com/
Mesan Kilit A.S.,ismailturkmen@essentra.com,+90 212 721 4444,Turkiye,https://www.mesanlocks.com/
MESIA - Middle East Solar Industry Association,hinde@mesia.com,+971 557719456,United Arab Emirates,
Metal Deploye Resistor,touhami.dhifallah@mdresistor.com,,France,https://www.mdresistor.com/en
Metalmech Engineering,director@metalmecheng.com,0091 288 2731223,India,
METH Srl,alessandro.valente@meth.it,+39 044 589 1799,Italy,https://www.meth.it/
MGC Moser Glaser AG,rainer.neumann@mgc.ch,0041 799608327,Switzerland,
MGC Moser-Glaser AG,info@mgc.ch,+41 614676111,Switzerland,https://www.mgc.ch/
MGC Moser-Glaser AG,rainer.neumann@mgc.ch,+41 799608327,Swaziland,
Micafluid AG,andreas.gruber@micafluid.ch,+41 447394466,Switzerland,https://www.micafluid.com/
Micafluid SA,andreas.gruber@micafluid.ch,+41 447394466,Switzerland,http://www.micafluid.ch/
Microtex Energy,info@microtex.in,+91 96 8644 8899,India,https://www.microtexindia.com/
Microtex Energy Private Ltd,info@microtex.in,0091 80 28392380,India,
Middle East Specialized Cables (MESC),qussai.shanwani@mesccables.com,00966 114767373,Saudi Arabia,http://www.mesccables.com/
Ministry of Industry and Trade of the Czech Republic,koucka@mpo.cz,+420 224851111,Czech Republic,https://www.mpo.cz/
Misterlight Electrical Installations Items Trading LLC,trnambiar@misterlight.com,00971 48894959,United Arab Emirates,
MitaS Endustri Sanayi Ticaret A.S,hakaya@mitasindustry.com,0090 3122962000,Turkiye,https://mitasindustry.com/
MITIS SA,jerome.dagruma@mitis.be,+32472862639,Belgium,
MK Battery International Ltd.,mattm@mkbattery.com,0044 1536484009,United Kingdom,https://www.mkbattery.com/
ModemTec,dominika.knopp@modemtec.cz,+420602345626,Czech Republic,
ModemTec,dominika.knopp@modemtec.cz,+420 602 345 626,Czech Republic,
ModemTec,dominika.knopp@modemtec.cz,+420602345626,Czech Republic,
Modern Electrical Technology - Star Trans,k_elmarabea@startranseg.com,+20 403592666,Egypt,
Modern Insulators Limited,gaurav@moderninsulators.com,+91 2974228044,India,
Monbat AD,bozhidar.nekeziev@monbat.com,00359 296250,Bulgaria,https://www.monbat.com/monbat/
Mosdorfer GmbH,darijo.kusanovic@mosdorfer.com,+43 5524 8291 447,Austria,https://www.mosdorfer.com/en/
MP Solutions Ltd.,dpelle@mps.hu,+36 30 677 1990,Hungary,
MPMC Powertech Corp.,sales@mpmc-china.com,+86-15000854420,China,http://www.mpmc-china.com/
MSS India Pvt. Ltd.,sachinbagul@mssindia.co.in,+91 2536717112,India,
Multispan Control Instruments Pvt Ltd,saurabhp@multispanindia.com,0091 7925899100/7940029250,India,https://www.multispanindia.com/
MUST ENERGY (GUANGDONG) TECHNOLOGY CO.,hpower@mustpower.com,+86 13682553172,China,https://www.mustpower.com/
Mutlusan Plastik Elektrik San. Tic. A.S.,aydinulusoy@mutlusan.com.tr,0090 2124850544,Turkiye,https://www.mutlusan.com.tr/
Naffco Fzco,patric@naffco.com,00971 48151111,United Arab Emirates,
Naif Falcon Trading LLC,med.matari@naif-falcon.com,00971 42299065,United Arab Emirates,https://www.naif-falcon.com/
Nanosun DMCC,renzo@nanosun.cz,+971-0504064230,United Arab Emirates,
ndb Technologies,matt@ndbtech.com,001 4188777701-232,Canada,https://www.ndbtech.com/
NED Srl,s.durante@nedgenerators.com,+39 0999561799,Italy,https://www.nedgenerators.com/
NELSTER WELCON,sales@nelsterwelcon.com,0091 22 2453877,India,https://www.testterminalblock.com/
Nidec Leroy-Somer,fatma.zanzou@mail.nidec.com,+33 545644564,France,https://www.leroy-somer.com/
Nikdim Ltd.,info@nikdim.bg,+359 43165016,Bulgaria,
NILED,d.beauvois@niled.fr,0033 672738920,France,https://www.niled.eu/
"Ningbo Cadysun Lighting Technology Co.,Ltd.",cadysun@cadysunlighting.com,+86 57458999639,China,https://www.cadysunlighting.com/
Ningbo Degson Electronics Co. Ltd.,degson534@degson.com,,China,
"Ningbo Fenghua Lamp Co., Ltd",export@ghlux.com,+86 13738430968,China,https://www.ghlux.com/
"Ningbo Huashi OPTO Electronic Technology Co.,Ltd",huashi@huashilamp.com,0086 574 83536790,China,
"Ningbo Kangyan Lighting Electric Co.,Ltd.",sales@kanglight.com,+86 13958388144,China,https://www.kanglight.com/
"Ningbo Osda Solar Co.,Ltd",sales23@osdasol.com,+86 15906576186,China,
"NINGBO ROSPONT NEW MATERIAL CO., LTD.",customercare@rospont.com,+86 15888023913,China,https://www.rospont.com%20%7C%20www.rospontwire.com/
"Ningbo Shuangqi New Energy Technology Co., Ltd",709852931@qq.com,0086 1317509299,China,
"Ningbo Sr Lighting Technology Co.,Ltd.",sales1@nbsuiri.com,+8613567828296,China,https://srlamp.en.alibaba.com/minisiteentrance.html?spm=a2700.details.0.0.325f6528SOJafL&from=detail&productId=1600495162753
Ningbo Success Zhenye Luminaire Limited,sabrina@zhenyelamp.com,+86 57465377789,China,
Nirmal Wires Pvt Ltd,partha@groupnirmal.com,0091 3366224848,India,http://www.groupnirmal.com/
NKS KABLO SAN.TÄ°C.A.Å.,sales@nkscable.com,0090 212 222 76 85,Turkiye,https://www.nkskablo.com.tr/
NKT GmbH & Co. KG,trang.gruen@nkt.com,0049 2216763172ÃÂ ,Germany,https://www.nkt.com/
Novarc Networks,jouhan.shirkhanloo@retis-solutions.com,+33 784555534,France,
NPP Power Company Ltd,musa.nppower@gmail.com,+234 08037851825,Nigeria,
NRG Georgia Ltd,export@elvare.ge,00995599017267,Georgia,https://www.nkt.com/
NSM S.r.l.,luisa.antoniazzi@nsmsrl.it,+39 445595889,Italy,https://www.nsmsrl.it/
Nuhas Oman Llc,vineet@nuhasoman.com,00968 24449007,Oman,http://www.nuhasoman.com/
Nynas AB,sameen.kadli@nynas.com,00971 43327125,United Arab Emirates,https://www.nynas.com/
OBSTA,sylvie.champeaux@citel.fr,0033 141235033,France,https://www.obsta.com/
Okaya Power Private Ltd,anilgupta.export@okayapowerltd.com,0091 1147451500,India,http://okayapower.com/
OMAC ITALY,luca.cantamessa@omac-italy.it,+39 035838092,Italy,https://www.omac-italy.com/
Oman Cables Industry SAOG,alia.cabanez@omancables.com,0096 8 2444 3100,Oman,https://www.omancables.com/home
Omega Elektrik Pano. San. Ve Tic. Ltd. A.S.,gulcan.ozcelik@omegapano.com.tr,+90 0 212 886 3151,Turkiye,https://www.omegapano.com/
OMEM Spa,emiliano.varisco@omemspa.com,0039 39833238,Italy,https://www.omemspa.com/en/home-english/
OMICRON Electronics Middle East,marwa.alawi@omicronenergy.com,00973 17116400,Bahrain,https://www.omicronenergy.com/
OPPLE Lighting International DMCC,ali.toor@opple.com,+971 44424572,United Arab Emirates,
Optics11 - Fiber Optic Sensing Solutions,sefa.bitik@optics11.com,0031 205987917,Netherlands,https://www.optics11.com/
Optris Gmbh,bjoern.steppons@optris.com,0049 30500197-21,Germany,
OREFICE GENERATORS,info@oreficegenerators.com,+39 0702298142,Italy,http://www.oreficegenerators.com/
Orient Electric Limited,marketing@jaspa.com,+971 504506558,India,
Oriental Copper Co. Ltd.,sd.wilailak@orientalcopper.com,0066 26975172,Thailand,http://www.orientalcopper.com/
ORTEA S.P.A.,ortea@ortea.com,0039 0295917800,Italy,https://www.orteanext.com/
Ozbakan Elektrik Pazarlama Ve Aydinlatma San. Ltd. Sti.,volkan@ed-san.com.tr,,Turkiye,
Ozhakan Elektrik Pazarlama Ve Aydinlatma San. Ltd. Sti.,volkan@ed-son.com.tr,,Turkiye,
Ozler Kablo AS,export@ozlerkablo.com.tr,+90 2627515200,Turkiye,
"P.U.R.E., s.r.o.",info@go-pure.eu,+421 915404440,Slovakia,
Pak Elektron Limited,jahanzaib.minhas@pel.com.pk,0092 4235920151-59,Pakistan,http://www.pel.com.pk/
PALAZZOLI S.P.A.,patrizia.davanzo@palazzoli.it,,Italy,
Pan Electronics (India) Ltd,krishna@panelectronicsindia.com,+91 8041170074,India,
Paramount Industries,akash@paramount.net.in,+919845094929,India,https://www.paramount.net.in/
PASONDIA CABLES PRIVATE LIMITED,sg@pasondiacables.com,+91 9899222353,India,https://www.pasondiacables.com/
PAYAPRESS,sales@payapress.com,+886 52301995,"Taiwan, China",
PC Electric Gesellschaft m.b.H.,claus.wittmann@pcelectric.at,+43 77516122-0,Austria,
Peimar Middle East DMCC,marketing@peimar.com,+39 030223292,United Arab Emirates,https://www.peimar.com/
"Pengyang Pump Taizhou Co.,Ltd",sales8@pysolarpump.com,86-0523-89669618,China,https://www.samkingpump.com/
"People Ele. Appliance Group Co., Ltd.",everfrank@chinapeople.com,+86 135 66221001,China,https://www.peopleelectric.com/
Perkins Engines Company Ltd.,ross.allison@perkins.com,0044 1733582408,United Kingdom,https://www.perkins.com/
PFIFFNER Instrument Transformers Ltd,michael.wening@pmw.ch,+41 62 739 28 28,Switzerland,https://www.pfiffner-group.com/en-ch/
Pfiffner Instrument Transformers Ltd.,michael.wening@pmw.ch,+41627392828,Swaziland,
PFISTERER Middle East FZCO,info.ae@pfisterer.com,+971-4-336 8882,United Arab Emirates,https://www.pfisterer.com/
Pflitsch GmbH & Co.KG,josef.bauer@pflitsch.de,+49 2192 9110,Germany,https://www.pflitsch.de/
PHONIX CONTROL Kft,vincze.tamas@phoenix-brv.hu,+36301859441,Hungary,
Piepers International LLP,rahul@piepersinternational.com,+91 8910661177,India,https://growbatt.com/
Plamen D.O.O.,vladimir.belic@plamen.rs,00381 22561621,Serbia,https://www.plamen.rs/
"Plusrite Electric (China) Co., Ltd",huangxuanze@pluslight.com,+86 0519 8638 7008,China,https://www.plusrite.com/
Plymouth Rubber Group,malonso@plymouthrubber.com,0034 986344 148,Spain,https://www.plymouthrubber.com/
Pollmann Elektrotechnik GmbH,ulrike.schroeder@pollmann-elektrotechnik.de,0049 2522932121,Germany,https://www.pollmann-elektrotechnik.de/
Power Market,ahmed.kasem@powermarketco.com,+20 11170172,Egypt,http://www.powermarketco.com/
Power Media International Group Ltd,neb@wipmagaznes.com,+44 7974321613,United Kingdom,
POWER PLUG BUSDUCT SDN BHD,alvin@ppbc.com.my,+6075321988,Malaysia,https://www.ppbc.com.my/
Power Plus Cable Co. LLC,sales@powerpluscable.com,00971 42577888,United Arab Emirates,https://www.powerpluscable.com/
Power Trading T&d,habib.abdo@powertrading.fr,+33 144707460,France,
Powercore Industries India Private Limited,admin@powercores.com,080 - 42121211,India,https://0091%208042121211/
Powerplug Ltd,eyaly@powerplugltd.com,+972525111630,Israel,
Powerserv Trading Llc,mubarak@powerservllc.com,,United Arab Emirates,
Powertech System Trading LLC,mansi@powertechsys.com,00971 43245033,United Arab Emirates,https://www.powertechsys.com/
Precise Electricals,jay@preciseelectricals.com,0091 9920936370,India,http://preciseelectricals.com/
Premium PSU,marketing@premiumpsu.com,+34 932232685,Spain,https://www.premiumpsu.com/
PRG Global,tarunprg@gmail.com,+91 9810000842,India,
PRIME BATTERIES TECHNOLOGY,office@primebatteries.com,+40751166169,Romania,https://www.primebatteries.com/
Prior Power Solutions Ltd,stephanie.pimlott@priorpower.com,0044 1493441383,United Kingdom,https://www.priorpower.com/
Pronutec S.A.U.,lgi@pronutec.com,0034 946313234,Spain,
Prysmian Group,marketing.energy@prysmiangroup.com,0039 264495475,Italy,https://www.prysmiangroup.com/
PT. Selatan Jadi Jaya,esales@sjjbatt.com,0062 317878888,Indonesia,http://www.sjjbatt.com/
"Qingdao Hanhe Cable Co.,Ltd",anso@hanhe-cable.com,+86 15588990008,China,https://www.hanhe-cable.com/
QTC Energy Public Company Limited,nattapat.k@qtc-energy.com,+66962416554,Thailand,https://qtc-energy.com/
R. R. Industries,durai.rri@gmail.com,,India,
RAMPF Holding GmbH & Co.KG,info@rampf-group.com,+49 7123 9342 0,Germany,https://www.rampf-group.com/
Rampf Polimer Solutions,katja.eissler@rampf-group.com,,Germany,
,,,,
,,,,
,,,,
,,,,
,,,,
Red Sea Cable Company (RESCAB),ishita@rescab.com,00966 112886303,Saudi Arabia,http://www.rescab.com/
RELPOL S.A.,relpol@relpol.com.pl,0048 684790801,Poland,https://www.relpol.pl/
RemCon Electrical Co.LLC,mohammed.sarhan@remcon.ae,,United Arab Emirates,
REPL International Ltd,rutton.patel@repl.com,0044 1793821220,United Kingdom,https://www.repl.com/
Ridge Tool,philip.arzobal@emerson.com,001 4403294535,United States,https://www.ridgid.com/
RISHABH FORGING,info@rishabhforge.com,+91 161 5010329,India,
Ritz Instrument Transformers GmbH,nadeem@ritz-instruments.com,+971 50 296 1754,Germany,https://www.ritz-international.com/
Riyadh Cables Group Company,bassam.naes@riyadh-cables.com,00966 112653586,Saudi Arabia,http://www.riyadh-cables.com/en
Rochester Sensors,neil.franks@rochestergauges.com,0044 1926466715,United Kingdom,http://www.rochestersensors.co.uk/
Rolls Battery Engineering,jeff@surrette.com,001 8006819914,Canada,https://www.rollsbattery.com/
Roxtec Middle East FZE,zaid.albaiyat@roxtec.com,+97148839655,United Arab Emirates,
RPS SPA (Riello UPS),d.campigotto@riello-ups.com,0039 442635811,Italy,https://www.riello-ups.com/
RS ISOLSEC,c.britis@rsisolsec.com,+33 238856262,France,https://www.rsisolsec.com/
"RTR Energia, S.L.",subhash@rtr.es,0034 916916612,Spain,https://www.rtr.es/
"Rui Du Mechanical & electrical (Shanghai) Co., Ltd",sales@rdmesh.cn,whatsapp: +86 13764244609/+86 13816495598,China,https://www.wrindu.com/
"Ruiyang Group Northeast Cable Co.,Ltd",rygroup@outlook.com,+86 18842594777,China,http://www.ruiyangcable.com/
Rupam Impex,info@rupamimpex.org,0091 288 2565612,India,http://rupamgroup.org/
S V Metal Industry LLC,aladabelectrical@gmail.com,00971 42580883,United Arab Emirates,https://www.svmetaldxb.com/
S&C Electric Company,cameron.griffiths@sandc.com,0044 1639820558,United Kingdom,
SA-RA Group,kafkasaras@sara.com.tr,0090 3122852424,Turkiye,http://www.sara.com.tr/
SACI,p.moreno@saci.es,0034 519 02 45,Spain,https://www.saci.es/
Sacred Sun Mea FZE,gaozhaoyou@sacredsun.cn,+86 15092739594,United Arab Emirates,https://www.sacredsun.com/
Sadtem,pbosseaux@sadtem.com,00330327713249,France,
SAE IT-systems,p.hughes@lacroix.group,+49 221 59 808 0,Germany,https://www.sae-it.com/
SAE IT-systems GmbH & Co.KG.,p.hughes@lacroix.group,,Germany,
SAFT,nicole.haslip@saft.com,+33 1 58 63 16 00,France,https://www.saft.com/
Sahinler Metal San. Ve Tic. A.S.,bayram.karincali@akablo.com,+90 2163040506,Turkiye,
SAHRA KABLO SAN. TIC. A.S,dondu@sahrakablo.com,00902166341023 ;00902166341031,Turkiye,https://www.sahrakablo.com/
Sai Accumulator Industries Pvt Ltd,nilesh@saisamrat.com,,India,
Saitec Offshore Technologies,davidcarrascosa@saitec.es,,Spain,
Sakowin,mathieu@sakowin.com,+33768538733,France,https://www.sakowin.com/
Salasar Techno Engineering Limited,sharma.pankaj@salasartechno.com,+91 9899992853,India,
Salman Plastik Profil Sanayi Tic. Ltd. Sti.,info@salmanplastik.com,0090 2126747000,Turkiye,https://www.ipekboru.com/
SALT DATA INNOVATIONS,office@saltdata.ro,+40720213213,Romania,https://www.saltdata.ro/
Saltek,i.kalabisova@saltek.cz,420720967958,Czech Republic,
SALTEK s.r.o.,i.kalabisova@saltek.cz,00420 724082375,Czech Republic,https://www.saltek.cz/en
Saltek s.r.o.,i.kalabisova@saltek.cz,+420 720967958,Czech Republic,
Samgor India,mustafa@samgor.in,+91 9049278652,India,
Sarel S.r.l.,mario.locatelli@sarel.it,0039 037149061,Italy,https://www.sarel.it/
Sarkuysan Elektrolitik Bakir Sanayi ve Ticaret A.S.,s.altug@sks.com.tr,0090 262676660,Turkiye,https://www.sarkuysan.com/
"Sassin International Electric Shanghai Co., Ltd",market01@sassin.com,0086 2150219003,China,https://www.sassin.com/
Schnabl Stecktechnik GmbH,g.karch@schnabl-steck.at,+43 274222167,Austria,https://www.schnabl.works/
Scolmore International,stacey@scolmoredubai.com,0044 1827 63454,United Kingdom,
SDCEM,j.heulot@sdcem.com,0033 476727672,France,
Sedeks Elektronik San. Tic. Ltd. Sti.,ata@sedeks.com,,Turkiye,
SEDIVER,carine.mercier@sediver.com,0033 146141582,France,https://www.sediver.com/
SEG Electronics GmbH,sebastian.berghof@segelectronics.de,0049 2152145331,Germany,https://www.segelectronics.de/
Sel Spa,alessio.leporatti@sel-electric.it,0039 573800511,Italy,https://www.sel-electric.com/
Selec Controls Pvt Ltd,nrao@selec.com,0091 2241418452,India,https://www.selec.com/
Selvo Electricals India Pvt Ltd,sales@selvoelectricalsindia.com,+91 9891191151,India,
Sence Tech Limited,sencetechs@gmail.com,+86 76022382417,China,https://www.powerstation0.com/
Servokon Systems Limited,zakir@servokon.com,+91 9873630786,India,
Settlemint Nv,sebastien@settlemint.com,+32477903835,Belgium,
Seval Ihracat Ithalat Paz. Tic. Ve A.S,umut@sevalkablo.com,+90 2583714248,Turkiye,https://www.sevalkablo.com/
SGB-SMIT Group,ruth.dudenhoeffer@sgb-smit.group,0049 94178410,Germany,
"SHANGHAI DADA ELECTRIC CO.,LTD",charlotte.weng@cdada.com,+8615167477792,China,http://www.dada-ele.com/
"Shanghai Juxin Haiju New Energy Technology Co.,Ltd",liyj@haijune.com,+86 2133688833,China,https://www.haijune.com/
"Shanghai New Power Automotive Technology Co.,Ltd.",ljian1@snat.com,+86 18222234652,China,http://www.sdeciepower.com/
"Shanghai Wenyou Industry Co., Ltd",christine@sh-wysy.com,+86 13415389151,China,https://www.sh-wysy.com/
"Shanghai Zhanxi Intelligent Technology Development Co.,Ltd",anniezx912@126.com,+86 15201969293,China,
"Shanxi Huaxin Electric Co., Ltd.",hxdqqgb@163.com,0086 3534909002,China,http://www.sxhxdq.com/en/
"Shenyang Jinggong Cable Material Co., Ltd",jgtapes@jinggong-tapes.com,+86 24 89312688-811,China,https://www.jinggong-tapes.com/
"Shenzhen Atess Power Technology Co.,Ltd",info@atesspower.com,+86 755 2998 8492,China,https://www.atesspower.com/
"Shenzhen Huaxing New Energy Technology Co.,Ltd",huangyimin@huaxingenergy.com,+86 75589458220,China,http://www.huaxingenergy.com/
"Shenzhen Kstar Science and Technology Co., Ltd",chenty@kstar.com,+86 755 2138 9008,China,https://www.kstar.com/
"Shenzhen Lithium Valley Technology Co., Ltd.",joanna@lithiumvalley.com,+86 18018761760,China,https://www.lithiumvalley.com/
"SHENZHEN MOTOMA POWER CO., LTD.",motoma.solar.energy@gmail.com,+86 18718862573,China,https://www.nkt.com/
"Shenzhen Nan Kai Sheng Power Technology Co.,Ltd",yuhai@nkselectric.com,+86 75526660819,China,https://www.nkselectric.com/
"Shenzhen Poweroak Newener Co.,Ltd",sara_yan@poweroak.net,+86 13414459182,China,https://www.poweroak.com/
"Shenzhen Sacolar New Energy Co., Ltd.",jack.yin@sacolar.com,+86 755 2981 6393,China,https://www.sacolar.com/
"SHENZHEN SAKO SOLAR CO., LTD",szsales8@sako.com.cn,+86 007527493766,China,http://sakopower.en.alibaba.com/
"Shenzhen Soro Electronics Co.,Ltd",ella@soroups.com,+86 755 8149 5850,China,https://www.sorotecpower.com/
"Shenzhen Star Instrument Co.,ltd.",info@szstar.com,+86-755-86318888,China,https://www.szstar.com/
"ShenZhen Topak New Energy Technology Co., LTD",B2B@topakpower.com,+86 769 85637669,China,http://en.topakpower.com/
"Shenzhen Yuyang New Energy Co.,Ltd.",bellie@yuyangenergy.com,+86 13580815859,China,https://www.yuyangenergy.com/
SHIHLIN ELECTRIC & ENGINEERING CORPORATION,eric.liao@seec.com.tw,+886 2 2541 9822,"Taiwan, China",https://www.circuit-breaker.seec.com.tw/
Shirke Electro Pvt Ltd,vinod.raut@shirkeswitch.net,0091 253 6614810,India,https://shirkeswitch.net/
Shubhada Polymers Products Pvt Ltd,john.david@shubhadapolymers.com,+91 7777033224,India,
SIBA GmbH,nina.buschmann@siba.de,0049 23067001312,Germany,https://www.siba.de/
Siberia Elektronik Aydinlatma Ithalat Ihracat San. Ve Tic. Ltd. Sti.,gokhank83@hotmail.com,,Turkiye,
Sicame Group,nmadani@sicamegroup.com,+33 555738900,France,https://www.sicamegroup.com/
SIEL SpA,dbornaghi@sielups.com,+39 0290986221,Italy,https://www.sielups.com/
Siemens AG,nils.anger@siemens.com,+49 (173) 9795252,Germany,
Sigma Elektrik Ve San. Tic. A.S.,sirin@sigmaelektrik.com,0090 2164300900,Turkiye,https://www.sigmaelektrik.com/
Silver Battery Manufacturers,vipul@silverbattery.in,,India,
Silver Fox Limited,nick.michaelson@silverfox.co.uk,+44 1707373727,United Kingdom,
SIMCONTROL SOLUTIONS,info@simcontrol-solutions.com,+40 212757664,Romania,https://www.simcontrol-solutions.com/
Simplex Engineering Company,raghav@simplex.net.in,+91 98 3037 2026,India,https://www.simplexengineeringco.com/
SINCRO,paola.nardi@sogaenergyteam.com,+39445450500,Italy,https://www.sogaenergyteam.com/sincro
"SIQI TECHNOLOGY CO.,LTD",sales04@siqi.cc,+86 57761737670,China,https://www.siqiele.com/
Skipper Limited,kalyan.saha@skipperlimited.com,0091 3322892327,India,https://www.skipperlimited.com/
Slovak Investment and Trade Development Agency-SARIO,kudelasova@sario.sk,00421 58260100,Slovakia,https://www.sario.sk/
Smarten Power Systems Private Limited,arun.smarten@gmail.com,0091 1242210649,India,https://www.smartenpowersystems.com/
"Smartgen (zhengzhou) Technology Co.,ltd",ada.xu@smartgen.cn,0086 37167988888,China,https://www.smartgen.cn/
SNEHAM TAPING SOLUTIONS PVT. LTD.,info@snehamtapes.com,0091 8312441547,India,http://www.snehamtapes.com/
SOC DUVAL MESSIEN,amlefort@indelec.com,,France,
SOFAMEL S.L.U.,tharo@sofamel.es,938087980,Spain,https://www.sofamel.com/
"Solar Energy Engineering MSc, University of Freiburg",khadija.khaled@studysolar.uni-freiburg.de,+49 1522 2928674,Germany,https://www.study-solar.com/
"Solar Energy Engineering MSc, University of Freiburg",khadija.khaled@studysolar.uni-freiburg.de,,Germany,
Solargaps Llc,e@solargaps.com,+34602595181,Ukraine,
SOLARLAND USA CORPORATION,sales@solarlandusa.com,+86 51082305188,Canada,https://www.solarlandusa.com/
"SolaX Power Network Technology(Zhejiang) Co.,Ltd.",info@solaxpower.com,+86 /,China,https://www.solaxpower.com/
Sparco DS Global LLP,shivani@sdsglobal.in,+91 9873428605,India,
Speedwell Technologies Pvt. Ltd.,viral@speedwellindia.com,0091 2827 287581/287582,India,http://www.speedwellindia.com/
Spera Vacuum & Engineering Equipment,sales@speravacuum.com,+91 8390924924,India,
Sprecher Automation GmbH,peter.wach@sprecher-automation.com,+43 73269080,Austria,https://www.sprecher-automation.com/en/
SPS ENERGY SOLUTIONS,sales@spsindia.biz,+919537100099,India,https://www.spsindia.biz/
Sri Neptune International,dhruv@srioverseas.in,+91 9927932104,India,
STAMFORD | AvK,anita.fountain@cummins.com,0044 1733395300,United Kingdom,https://www.stamford-avk.com/
STAMFORD l AvK,anita.fountain@cummins.com,+44 1733 395 300,United Kingdom,https://www.stamford-avk.com/
STARKGEN JENERATOR PAZARLAMA VE TICARET ANONIM SIRKET?,cemal.kutlu@starkgen.com,+90 2164530404,Turkiye,https://www.smartgen.cn/
STATRON MIDDLE EAST FZCO,renijohn.me@statron.com,00971 42045231,United Arab Emirates,https://www.statron.com/
Staunch Machinery,info@staunchmachinery.net,+96170940240,Lebanon,https://www.staunchpower.com/
STEAB S.R.L.,milvio.medicina@steab.it,0039 0558398939,Italy,https://www.steab.it/
Storage Partners Group Sp. z o.o.,info@storage-partners.com,+48 61 814 79 68,Poland,https://www.storage-partners.com/
STUDER INNOTEC SA,info@studer-innotec.com,+41 272056080,Switzerland,
Su-kam Power Systems Ltd.,shubhanshuman@su-kampower.com,+91 7807008639,India,https://www.su-kampower.com/
Su-vastika Systems Pvt. Ltd,export.head@suvastika.com,+91 8130313833,India,https://www.suvastika.com/
Sudkabel GmbH,sebastian.ebert@suedkabel.com,+49(0)173 2598 491,Germany,https://www.suedkabel.de/?lang=en
Sukrut Electric Company Private Limited,shripati.udhane@sukrutelectric.com,0091 7507778841,India,
"SUMEC Machinery & Electric Co., Ltd",gxiang@sumec.com.cn,+86 2584531384,China,https://www.sumec.com.cn/
Sungarner Energies Pvt Ltd.,ashish@sungarner.com,+91 9717558008,India,
SUPER ASIA (MUHAMMAD DIN SONS LTD),zaheer.ahmad@superasia.biz,+92554272801-5,Pakistan,
Super Impex,rakesh@superimpex.com,0091 22 61485400,India,http://superimpex.com/
Super Star Electronics Limited,jahangir@ssgbd.com,+8801713195727,Bangladesh,
Suresh Enterprise,kinjal.choksi@sevitsil.com,,India,
"SUZHOU TONHI LIGHTING TECHNOLOGY CO.,LTD",tony@tonhilighting.com.cn,+86 13771869078,China,https://www.sztonhi.com/
Svenska Transorfilter,ludvig.svensson@transorfilter.se,0046 703022905,Sweden,https://www.transorfilter.se/
Synecom srl,matteo.pellegrini@syneco.it,+39 354376691,Italy,
TAFE Motors & Tractors Ltd,harishs@tmtl.co.in,+91 9818579402,India,
"Taiwan Meters Plant Co., Ltd.",taiwan.meters@msa.hinet.net,00886 33117995,"Taiwan, China",http://www.taiwanmeters.com.tw/
"Taixing Longyi Terminals Co.,Ltd",rongrong0325@qq.com,+86 52387830003,China,
TANDHAN IMPEX PRIVATE LIMITED,anujjalan49@gmail.com,+91 9836123456,India,
TBEA Shandong Luneng Taishan Cable Co Ltd,louyongqiang@tbea.com,+86 5387238629,China,http://tbeacable.diytrade.com/
Technical Resources LLC,venu@techres-uae.com,0506529030,,
Technical Review Middle East,emma.zeray@alaincharles.com,+971 44489260,United Arab Emirates,https://www.technicalreviewmiddleeast.com/
Techno Group of Trade and Industry,qasim.hameed@technogroupme.com,+966 138123400-254,Saudi Arabia,
TECHNOPOWER GENERATOR,purchase@technopowergroup.com,,United Arab Emirates,
TECLOMAN ENERGY GMBH,tecloman@tlmse.com,86 28 64399912,Germany,https://www.tecloman.cn/
TECNALIA Electrical Labs,lab-services@tecnalia.com,+34 946430850,Spain,https://www.tecnalia.com/en/
Tecsystem Orient Llc,lamia@tecsystemorient.com,0020 554486646,Egypt,https://www.tecsystemorient.com/
Tefelen Preissinger GmbH,info@tefelen-preissinger.de,0049 9503275950,Germany,https://www.tefelen-preissinger.de/
TEKNOMEGA Srl,m.brioschi@teknomega.it,+39 0248844281,Italy,https://www.teknomega.com/
Teksan Generators,ismailcenter@teksan.com,+90 444 8576,Turkiye,https://www.teksan.com/
TELE Haase Steuergeraete Ges.m.b.H.,lukas.zwickl@tele-haase.at,+43 1614740,Austria,https://tele-online.com/
Telergon,sra@telergon.com,0034 976500876,Spain,https://www.telergon.com/
TEM Teknik Elektrik Malzemeleri San. Ve Tic. A.S,export@temteknik.com,00902124851900,Turkiye,https://www.temteknik.com/
"Teplore Co.,Ltd.",chengnan@teplore.com,+86 18800122086,China,
Terasaki Electric Europe Ltd,jamie.halliday@terasaki.co.uk,0044 1419411940,United Kingdom,http://www.terasaki.co.uk/
Terminalsan Ltd. Sti.,istanbul@terminalsan.com.tr,+905496561056,Turkiye,https://www.terminalsan.com.tr/
TESAR Srl,luca.procino@tesar.eu,0039 575317280,Italy,http://www.tesar.eu/en/
Tesmec S.p.A.,marketing@tesmec.com,0039 0354232911,Italy,https://www.tesmec.com/
The Drone Centre,rajesh@dubextech.com,+971 4 4250886,United Arab Emirates,
The Electrical and Electronic Association of the Czech Republic,sojka@electroindustry.cz,420736255657,Czech Republic,
The H-J Family of Business,santhosh@h-j.com,+1 6366773421,United States,https://www.h-j.com/
The Ministry of Industry and Trade of the Czech Republic,koucka@mpo.cz,420224852745,Czech Republic,
Third Eye Metals Pvt Ltd,info@thirdeyemetals.com,+91 940833385,India,
thyssenkrupp Electrical Steel GmbH,davina.zugcic@thyssenkrupp.com,0049 2094070,Germany,https://www.thyssenkrupp-steel.com/en/company/business-units/electrical-steel
thyssenkrupp Electrical Steel India Pvt. Ltd.,davina.zugcic@thyssenkrupp.com,0049 2094070,India,https://www.thyssenkrupp-steel.com/en/company/business-units/electrical-steel/
thyssenkrupp Electrical Steel UGO S.A.S,davina.zugcic@thyssenkrupp.com,0049 2094070,France,https://www.thyssenkrupp-steel.com/en/company/business-units/electrical-steel/
TIMIK Enclosures,info@timikenclosures.com,94112506835,Sri Lanka,https://timikenclosures.com/
Timsan Transformator San. Ve Tic. Ltd. Sti.,muharrem@timsantrafo.com,0090 4222375841,Turkiye,https://www.timsantrafo.com/
Tirupati Reels Private Limited,raj.maurya@ttplgroup.in,,India,
TMR Energy,info@tmrenergy.com,+86 2584937686,Brazil,
Toker Makina San. Tic. Ltd. Sti.,alitoker@tokermakina.com,,Turkiye,
Transfer Multisort Elektronik Sp. z o.o.,fairs@tme.pl,0048 422935236,Poland,https://m.europages.co.uk/TRANSFER-MULTISORT-ELEKTRONIK-SP-Z-OO/POL045971-001.html
Transfopower Industries Pvt. ltd,danish.razzaq@transfopower.net,,Pakistan,
Transformers Magazine,adrijana.pelikon@merit-media.com,+385 17899507,Croatia,https://www.transformers-magazine.com/
Trasf Eco Srl,export@trasfeco.it,,Italy,
TRENCH GROUP,emmanuelle.bruetschy@trenchgroup.com,0033 389702345/00,France,https://trench-group.com/
Tridelta Meidensha Gmbh,Carolin.Bauch@tridelta-meidensha.de,0049 366019328300,Germany,https://www.tridelta-meidensha.de/en/home.html
Tridonic,philipp.heindl@tridonic.com,,Austria,
Trinity Touch,shalinisharma@trinitytouch.com,+91 7120 0900,India,https://www.trinitytouch.com/
Triokablo Imalat San. Ve Tic. Ltd. Sti.,b.dinc@triokablo.com,,Turkiye,
TRUE POWER LIMITED,sale@truepowerearthings.in,+91 95599 59697,India,
TUBIFOR Srl,sales@tubifor.it,Italia,Italy,https://www.tubifor.it/
Tuboly-Astronic AG,reto.wolleb@tuboly-astronic.ch,0041 566167318,Switzerland,https://www.tuboly-astronic.ch/
TWTG,nadine.herrwerth@twtg.io,+31102037905,Netherlands,https://www.twtg.io/
U.P.S.E.T ELEKTRONÄ°K SAN. VE TÄ°C. LTD. ÅTÄ°.,export@upset.com.tr,902164892066,Turkiye,https://www.upset.com.tr/
UAB AIZ,vytautas@aiz.lt,0037 52350342,Lithuania,
UAE Innovations,shafrin@gargashmanagement.ae,+971 44322311,United Arab Emirates,
Ubetter Technology Company Limited,liuyinghui@ciec.com.cn,+86 1084600550,China,
UL Solutions,naoya.fujimura@ul.com,+81 352936289,United States,
"Uni-Trend Technology (China) Co., Ltd.",ivan@uni-trend.com.cn,+86 769857238888,China,https://www.uni-trend.com/
Union Copper Rod LLC,iallama@unioncopper.ae,00971 25503240,United Arab Emirates,http://www.unioncopper.ae/
Unipower Energy Co. Ltd.,snehesh@unipowerenergy.com,+86 15989863572,China,http://www.unipowerenergy.com/
Unique Energos Pvt. Ltd.,adwin.dng@gmail.com,,India,
United Canada Inc.,nat@unitedcanadainc.com,+1 6479105999-224,Canada,https://www.unitedcanadainc.com/
"United Electric Co.,Ltd",export@ueaccessory.com,+86 755 2641 9370 / +86 755 2641 9390,China,https://www.uesolution.cn/
United Transformers Electric Company (UTEC),rami.alsaleh@utec.com.sa,+966 114984590,Riyadh,https://www.utec.com.sa/
Unitrans Power LLP,sales@unitranspower.com,0091 7567079127,India,https://unitranspower.com/
Vask Components HK Co,admin@vask-hk.com,,"Hong Kong, S.A.R., China",
Vatan Kablo Metal End.ve Tic A.S.,ali.tumkaya@vatan.com.tr,0090 3442361103,Turkiye,https://www.vatan.com.tr/
VDE Testing and Certification Institute,laura.walter@vde.com,0049 698306667,Germany,https://www.vde.com/institute
VEETECH INSTRUMENTATION & CONTROL SERVICE L.L.C,mobinm@vicsllc.ae,+971 43979144,United Arab Emirates,https://www.veetechllc.com/
VEMER SPA,export@vemer.it,+39 043980638,Italy,https://www.vemer.it/
Ventures Onsite,s.sapsford@ventures-me.com,+971 43659918,United Arab Emirates,
"Verescence La Granja, S.L",mikel.campos@verescence.com,+34610522239,Spain,https://www.verescenceinsulators.com/
Viat Instruments Pvt Ltd,marketing@viatin.com,+91 3323352925,India,
Vidya Wires PVT LTD,vishal@vidyawire.com,,India,
Visa S.p.A.,evendramini@visa.it,0039 422509136,Italy,https://www.visa.it/
Vision Mechatronics Private Limited,sales@vmechatronics.com,+91 8080448515,India,https://vmechatronics.com/
Vitaldrive Ltd,saleshvt@vitaldrive.net,00357 24821788,Cyprus,https://vitaldrive.net/
VMAN ENGINE,lucas@vman-engine.com,0086 18021077166,China,https://www.vman-engine.com/
Voltaic Industries Private Limited,voltaic.industries1@gmail.com,+91 8410002270,India,
VOLTRONIC POWER TECHNOLOGY CORP.,vivian@voltronic.com.tw,00886 227918296,"Taiwan, China",https://www.voltronicpower.com/
Wabtec Netherlands B.V.,daniel.herrero@wabtec.com,0031 88 600 4500,Netherlands,https://www.wabtecnetherlands.com/
Wacker Chemicals Middle East,aditi.mazumdar@wacker.com,Tel: +971 4 709 9999,United Arab Emirates,https://www.wacker.com/
Walther-Werke Ferdinand Walther GmbH,thomas.kalthoff@walther-werke.de,+49 6351 4750,Germany,https://www.walther-werke.de/
WEG International Trade GmbH,marekl@weg.net,+44 07500 014630,Austria,
WEICON GmbH & Co. KG,s.imberge@weicon.de,0049 2519322373,Germany,https://www.weicon.com/
Weidmann Electrical Technology AG,francis.fisher@weidmann-group.com,0041 552214111,Switzerland,https://www.weidmann-electrical.com/
Weidmuller Middle East FZE,priyanka.gupta@weidmueller.com,,United Arab Emirates,
"Wenzhou Alion Electronics Co.,Ltd",alion3@alion.com.cn,0086 13505876848,China,https://www.aliontimer.com/
"Wenzhou Aoelec Electrical Co., Ltd",sales8@aoelec.com,+86 577 6279 9611,China,https://www.aoelec.com/
"Wenzhou Chifeng Imp&Exp Trade Co., Ltd.",nancy@wzcfdq.com,0086 13588941982,China,
"Wenzhou Chifeng Imp&Exp Trade Co., Ltd.",nancy@wzcfdq.com,0086 13588941982,China,
"Wenzhou Etechin Electric Co.,Ltd.",ivan@cnetec.com,+86 15355877355,China,https://www.cnetec.com/
"Wenzhou Etek Import and Export Co.,Ltd.",sales16@etek-china.com,+86 577 62780116,China,https://www.etek-china.com/
"Wenzhou Gedele Electric Fittings Co., Ltd",weng@gedele.com.cn,86 1396876599,China,https://www.gedele-terminal.com/
"Wenzhou Huajia Electrical Equipment Co., Ltd.",henryli@huajiagroup.com,+86 57762768588,China,
"Wenzhou Jovean & Rogy Trade Co,. Ltd.",hong@rogy.cn,+86 13757788000-558,China,
"WENZHOU KERUN Electric Co.,Ltd.",info@vovopower.com,+86 57767303786,China,https://www.mukopower.com/
"Wenzhou Natural Automation Equipment Co., Ltd.",dilys@china-natural.com,+86 57762787886,China,
"Wenzhou Onkak Impex Co., Ltd.",onesto@onestoelectric.com,0086 57786760560,China,https://www.onesto.cn/
"Wenzhou Rockgrand Trade Co.,Ltd.",rockgrand@rockgrand.com,+86-15988785529,China,https://www.rockgrand.com/
"Wenzhou Tiaoxing Electric Technology Co., Ltd",sales@txelecs.com,+86 57762203936,China,https://www.txelecs.com/
"WENZHOU UP ELECTRIC CO., LTD",sales@upelectricals.com,0086 577 61666659,China,https://www.upelectricals.com/
"WENZHOU WALTON ELECTRICAL CO.,LTD",fiona@we-walton.com,+86 15988770257,China,https://www.walton-electrical.com/
"Wenzhou Yufeng Import&Export Co., LTD",manager@cnyufeng.cn,+86 18989772011,China,https://www.cnyufeng.cn/
West Sud S.r.l.,,+398118360349,Italy,
"Wish Composite Insulator Co., Ltd",info@wishpower.net,+86-29-86031636,China,https://www.wishpower.net/
WISKA Hoppmann GmbH,k.wilkens@wiska.de,+49 41915080,Germany,https://www.wiska.com/
WM Systems,intersales@wmsystems.hu,+36204669969,Hungary,https://www.wmsystems.hu/en/wm-systems-at-mee2023/
"WOOJIN PRECISION & INDUSTRIES CO., LTD",wj21@wj21.com,82-31-981-80014,"Korea, Democratic People's Republic of",https://www.nkt.com/
World Expo International Sp. z o.o.,jkrolak@world-expo.pl,+48-52-3216910,Poland,
"Wuxi Durable Power Technology Co.,Ltd",judy@dehray.com,+ 86 13301753310,China,https://www.dehray.com/
"Wuxi Putian Iron Core Co., Ltd.",qihua@pttx.com,0086 51083795338,China,https://en.pttx.com/
"Wuxi Yorking Power Co.,Ltd.",nancy@yorkingpower.com,0086 510 85586386,China,https://www.yorkingpower.com/
"Xiamen ITG Honor MICE Co., Ltd",eileen@honorgroups.com,+86 5925092908,China,
"Xiamen Minghan Electric Co., Ltd",peng.ln@minghan.com.cn,0086 5922597113,China,https://www.minghan.com.cn/
"Xiamen Minghan Electric Co., Ltd",peng.ln@minghan.com.cn,+86 5922597099,China,
"Xiamen Songli New Energy Technology Co.,Ltd",sales@songligroup.com,+86 19906048871,China,https://www.songligroup.com/
Xkoren Enerji A.S,b.turkmenoglu@xkoren.com.tr,,Turkiye,
"Y.Y. Cable Accessories Co.,Ltd",sales@yy-yonyu.com.tw,00886 7020888,"Taiwan, China",https://www.yy-yonyu.com.tw/
Yamabiko Corporation,//energy-utilities.com/cdn-cgi/l/email-protection#512539383c343f3e1128303c3033383a3e7c323e23217f323e7f3b21,+81 428326118,Japan,https://www.yamabiko-corp.co.jp/english/corporate/business/ipe/
Yamabiko Corporation,//energy-utilities.com/cdn-cgi/l/email-protection#fd89959490989392bd849c909c9f949692d09e928f8dd39e92d3978d,+81 428326118,Japan,https://www.yamabiko-corp.co.jp/english/
"Yancheng Advanced Insulation Co.,Ltd",info@adasinsulation.com,+86 51589873012,China,https://www.adasinsulation.com/
"Yangzhou Tengfei Electric Cable And Appliance Materials Co., Ltd",alis@tengfeicable.com,0086 514 80890755,China,https://www.tengfeicable.com/
"Yantai Iray Technology Co., Ltd",//energy-utilities.com/cdn-cgi/l/email-protection#f6879f999891d88183b69f84978f82939dd895999b,+86-400-998-3088,China,https://www.infiray.com/
Yantai Xutai New Energy Technology,2853877068@qq.com,+86 5352128816,China,
Yash HighVoltage Ltd,sales.int@yashhv.com,+91 9638217410,India,
Ybk Industries Pvt. Ltd,info@syrexbatteries.com,,India,
"Yizumi Rubber Machinery Co.,Ltd",rim@yizumi.com,+86 75729208610,China,https://www.yizumi.com/
YOGYA EQUIPMENTS PRIVATE LIMITED,info@yogyaequipments.in,+91 9415227988 9956012421,India,https://www.yogyaequipments.com/
"Yueqing Kanghui Exhibition Service Co., Ltd.",yqkh99@163.com,00086 57762555599,China,
Yuhuan Olain Electric Co. Ltd,olainone@cnolain.com,+8613736235299,China,https://www.olain.cn/
Yusem Led Elektronik Tic. Ltd. Sti.,mahmut@yusemled.com,,Turkiye,
"Yuyao Jera Line Fitting Co., Ltd",rita.wu@jera-fiber.com,+86-0574-62662200,China,https://jera-energy.com/
Z-Power Impex Pvt Ltd,business.support1@zpowerbatteries.com,+91 9517803301,India,
ZAE ERGOM sp. z o.o.,export@ergom.com,+48 42 6893386,Poland,https://www.ergom.com/en/
ZAMEL Sp. z o.o,//energy-utilities.com/cdn-cgi/l/email-protection#f2819e93859d9f9b80dc9693989993b288939f979edc829e,+48 322104665,Poland,https://zamel.com/en/
Zeck GmbH,//energy-utilities.com/cdn-cgi/l/email-protection#432a2d252c03392620286e242e212b6d202c2e,0049 9542949417,Germany,https://www.zeck-gmbh.com/
Zeeta Electrical EngineeringÂ Pvt Ltd,//energy-utilities.com/cdn-cgi/l/email-protection#87e2fff7e8f5f3f4c7fde2e2f3e6e2ebe2e4f3f5eee4e6ebf4a9e4e8ea,+91 9099947214,India,
Zendure USA Inc.,//energy-utilities.com/cdn-cgi/l/email-protection#e19193a19b848f85949384cf828e8c,1-6507961903,United States,https://www.zendure.com/
Zeybek Elektrik A.S.,emrezeybek@zeybekgrup.com,+90 312 267 1543,Turkiye,https://www.zeybekgrup.com/
"Zhangzhou Huawei Power Supply Technology Co., Ltd",HW@HUAWEI-BATTERY.COM,+86 059 6899 1888,China,https://www.huawei-battery.com/
"ZHEJIANG ANHUANG IMP.& EXP. CO., LTD.",leo@anhelec.com,+86 18967751149,China,https://www.anelek.com/
"Zhejiang C & J Electrical Holding Co.,Ltd",service@cje-group.com,+86 57762778008,China,https://www.cje-group.com/
"Zhejiang Chisage New Energy Technology Co.,Ltd",marketing01@chisage.com,+86 57482817056,China,
"Zhejiang Gomelong Meter Co.,ltd",2353397241@qq.com,+86 57762868872,China,
"Zhejiang Hailide New Material Co., Ltd.",Leo@halead.com,86-152 5737 2578,China,https://composite.halead.com/
"Zhejiang Huading Solar Energy Technology Co., Ltd",hd@hdsolartech.com,+86-057185787180,China,https://www.hdsolartech.com/
"ZHEJIANG JINTE NEW MATERIAL TECHNOLOGY CO., LTD",almashshen@jintetech.com,+86 5728022722,China,http://jintetech.com/
"Zhejiang Kagangtuya Energy Technology Co.,Ltd",cyx@hbseal.com,0086 18980076968,China,https://www.nkt.com/
"Zhejiang Kripal Electric Co.,ltd",sale2@kripal.com,+8615967755763,China,https://www.kripal.com/
Zhejiang Luoke Power Technology Co. Ltd.,36375190@qq.com,0086 13868758068,China,
"Zhejiang Narada Power Source Co., Ltd.",intl@naradapower.com,0086 57156975980,China,https://en.naradapower.com/
"Zhejiang New Folinn Electric Co., Ltd.",fuling-michael@chinafuling.com,+86 57686421218,China,https://www.chinafolinn.com/
"Zhejiang Ruili Electric Co.,Ltd",sales05@ruily.cn,+86 57 8290 7333,China,https://www.ruily.cn/
"ZheJiang Seatrust Power Co.,Ltd.",info@seatrustpower.com,+86 57489065799,China,https://www.seatrustpower.com/
"ZHEJIANG SHIYUAN TECHNOLOGY CO.,LTD",bilgepump@chinashiyuan.com,+86 576 8640 2868,China,https://www.chinashiyuan.com/
Zhejiang Singi Electrical LLC,singi66@singi.com,0086 18858867875,China,https://www.singi.com/
"Zhejiang Sourceway Electric Co.,Ltd.",marketing@hzgiantway.com,+86 13003609797,China,https://www.peopleelectric.com/
"Zhejiang Tao's Electric Co.,Ltd",ts12@taos.cc,8613524481689,China,https://www.taos.cc/
"Zhejiang Tengen Electric Co., Ltd.",marketing01@tengen.com.cn,+86 21 31198727,China,https://www.tengenglobal.com/
"Zhejiang Wanma Macromolecule Material Group Co., Ltd.",sales@wanmaco.com,+86 18968155551,China,https://www.wanma-mm.com/
"ZHONG XIANG RUBBER PRODUCTS CO.,LTD",,0086 760 22227735,China,
Zhuhai Comking Electric Co. Ltd.,international-sales02@zhcomking.com,+86 7568629666,China,https://www.zhcomking.com/
Zonergy Corporation,q_songlin@zonergy.com,+86 4000660555,China,
Zotup S.R.L.,stefania.dippolito@zotup.it,0039 35361035,Italy,https://www.zotup.com/en/
"ZTELEC ELECTRIC TECHNOLOGY (ZHENGZHOU) CO., LTD",jack@ztaero.com,+86 37167896866,China,https://www.ztaero.com/
Ztt International Limited,sales@zttcable.com,+86 51380100986,China,http://www.zttcable.com/
Zunax Energy Products LLP,nilesh@massimobatteries.com,+91 8910661177,India,
ZUP EMITER Sp. z o.o.,maciej.biernat@emiter.com,048 18 337 00 90,Poland,https://www.emiter.com/
